;A0_PRESTRIP;;ALL_GROUP;A0 (Kern/Teilchenmasse);Teilchenmasse A0 (neutral);1;ja;nein;ja;nein;$00000000;nein;ja;5;5;u;u ;1;12;;;99;3;nein;;;;0;0;nein;
;A_PRESTRIP;;ALL_GROUP;A (Kern/Teilchenmasse);Teilchenmasse A (ionisiert);1;nein;ja;ja;nein;$00000020;nein;nein;5;5;u;u ;1;11.998;;;99;3;nein;;;;0;0;nein;
;Z_PRESTRIP;;ALL_GROUP;Z (Kern/Teilchenladung);Kernladungszahl, Anzahl der |Protonen des Strahlteilchens;1;ja;nein;ja;nein;$00000000;nein;ja;7;0;;;1;6;;;99;3;nein;;;;0;0;nein;
;Q_PRESTRIP;;ALL_GROUP;Q (vor Stripper);Ladungszustand des Soll-Strahlteilchens;1;ja;nein;ja;nein;$00000000;nein;ja;7;0; ;;1;4;;;99;3;nein;;;;0;0;nein;
;A0_POSTSTRIP;;ALL_GROUP;A0 (Kernmasse);Kernmasse A0 (neutral);1;ja;nein;ja;nein;$00000000;nein;ja;5;5;u;u ;1;12;;;99;3;nein;;;;0;0;nein;
;A_POSTSTRIP;;ALL_GROUP;A (Kernmasse);Kernmasse A (ionisiert);1;nein;ja;ja;nein;$00000020;nein;nein;5;5;u;u ;1;11.997;;;99;3;nein;;;;0;0;nein;
;Z_POSTSTRIP;;ALL_GROUP;Z (Kernladung);Kernladungszahl (Anzahl Protonen);1;ja;nein;ja;nein;$00000000;nein;ja;7;0;;;1;6;;;99;3;nein;;;;0;0;nein;
;Q_POSTSTRIP;;ALL_GROUP;Q (hinter Stripper);Ladungszustand des Soll-Strahlteilchens;1;ja;nein;ja;nein;$00000000;nein;ja;7;0; ;;1;6;;;99;3;nein;;;;0;0;nein;
;E_SOURCE;;LRNI_GROUP;E (LEBT);Strahlenergie des Sollteilchens hinter der Ionenquelle;1;ja;nein;ja;nein;$00000000;nein;ja;5;3;MeV/u;keV/u;1000;8;;;99;3;nein;;;;0;0;nein;6
;E_RFQEXIT;;I1_GROUP;E (RFQ-Exit);Strahlenergie hinter RFQ;1;ja;nein;ja;nein;$00000000;nein;nein;5;2;MeV/u;keV/u;1000;400;;;99;3;nein;;;;0;0;nein;7
;E_DTLQT2;;I1_GROUP;E (DTL-QT2);Strahlenergie hinter I1QT2X;1;ja;nein;ja;nein;$00000000;nein;nein;5;2;MeV/u;keV/u;1000;961;;;99;3;nein;;;;0;0;nein;8
;E_DTLQT3;;I1_GROUP;E (DTL-QT3);Strahlenergie hinter I1QT3X;1;ja;nein;ja;nein;$00000000;nein;nein;5;2;MeV/u;keV/u;1000;2193;;;99;3;nein;;;;0;0;nein;9
;E_DTLQT4;;I1_GROUP;E (DTL-QT4);Strahlenergie hinter I1QT4X;1;ja;nein;ja;nein;$00000000;nein;nein;5;2;MeV/u;keV/u;1000;4577;;;99;3;nein;;;;0;0;nein;10
;E_DTLEXIT;;I1_GROUP;E (IH-Exit);Strahlenergie hinter IH-Struktur;1;ja;nein;ja;nein;$00000000;nein;nein;5;2;MeV/u;keV/u;1000;7000;;;99;3;nein;;;;0;0;nein;11
;E_MEBT;;M1_GROUP;E (MEBT);Strahlenergie in MEBT hinter Stripper;1;nein;ja;ja;nein;$00000020;nein;nein;5;3;MeV/u;MeV/u;1;7;;;0;;nein;;;;0;0;;12
;E_INJ;;SYNC_GROUP;E_Inj;Injektionsenergie;1;ja;nein;ja;nein;$00000000;nein;nein;5;5;MeV/u;MeV/u;1;7;;;99;3;nein;;;;0;0;nein;13
;E_EXTR;;SYNC_GROUP;E_Extr;Extraktionsenergie;1;ja;nein;ja;nein;$00001000;nein;nein;5;3;MeV/u;MeV/u;1;200;;;99;3;nein;;;;0;0;nein;14
33;E_Max_DVM;;SYNC_GROUP;E_Max_DVM;Maximal erlaubte Extraktionsenergie;1;nein;ja;ja;nein;$00000020;nein;nein;5;3;MeV/u;MeV/u;1;450;;;0;3;nein;;;;0;0;nein;23
;KL_min_wash;;SYNC_GROUP;KL_min_wash;Minimalwert für Quadrupolfokussierstärke;1;ja;nein;ja;nein;$00000000;nein;nein;5;2;1/m;1/m;1;0.35;;;99;3;nein;;;;0;0;nein;
;KL_max_wash;;SYNC_GROUP;KL_max_wash;Endwert Quadrupolfokussierstärke |für Konditionierung;1;ja;nein;ja;nein;$00000000;nein;nein;5;2;1/m;1/m;1;0.45;;;99;3;nein;;;;0;0;nein;
;A_Bkt_Spill_Break;;SYNC_GROUP;A_Bkt_SpillBreak;Bucketfläche |während Spillpause;1;nein;ja;ja;nein;$00001020;nein;nein;5;5;eV*µs/u;eV*s/u;1E-06;;;;99;3;nein;;;;0;0;nein;
;dax_KOh_ini;;SYNC_GROUP;U_KOh_ini;Normierte KO-Amplitude für Separatrix-Füllung;1;ja;nein;ja;nein;$00001001;nein;nein;5;6;;;1;0.3;;;99;3;nein;;;;0;0;nein;
;dax_KOh_pre;;SYNC_GROUP;U_KOh_pre;Normierte KO-Amplitude für Voranregung;1;ja;nein;ja;nein;$00001001;nein;nein;5;6;;;1;0.3;;;99;3;nein;;;;0;0;nein;
;dax_KOh_main;;SYNC_GROUP;U_KOh_main;Normierte KO-Amplitude für Hauptanregung;1;ja;nein;ja;nein;$00001001;nein;nein;5;6;;;1;0.4;;;99;3;nein;;;;0;0;nein;
;dax_KOh_end;;SYNC_GROUP;U_KOh_end;Normierte KO-Amplitude für Nachanregung;1;ja;nein;ja;nein;$00001001;nein;nein;5;6;;;1;0.3;;;99;3;nein;;;;0;0;nein;
;dax_KOh_start_ext_ramp;;SYNC_GROUP;dax_KOh_start_ext_ramp;Normierte KO-Amplitude (Kickwinkel) |am Beginn der externen Rampe;1;ja;nein;ja;nein;$00001001;nein;nein;5;6;;;1;0.3;;;99;3;nein;;;;0;0;nein;
;dax_KOh_end_ext_ramp;;SYNC_GROUP;dax_KOh_end_ext_ramp;Normierte KO-Amplitude (Kickwinkel) |am Ende der externen Rampe;1;ja;nein;ja;nein;$00001001;nein;nein;5;6;;;1;0.4;;;99;3;nein;;;;0;0;nein;
;dax_KOh_offset_ext_ramp;;SYNC_GROUP;dax_KOh_offset_ext_ramp;Normierter Amplituden-Offset (Kickwinkel) |für externe Rampe;1;ja;nein;ja;nein;$00001001;nein;nein;5;6;;;1;0;;;99;3;nein;;;;0;0;nein;
;dax_KOh_DTM;;SYNC_GROUP;dax_KOh_DTM;Normierte KO-Amplitude (Kickwinkel) |für dyn. Tunemessung horizontal;1;ja;nein;ja;nein;$00000000;nein;nein;5;6;;;1;0.01;;;99;3;nein;;;;0;0;nein;
;dax_KOv_start_ext_ramp;;SYNC_GROUP;dax_KOv_start_ext_ramp;Normierte KO-Amplitude (Kickwinkel) |am Beginn der externen Rampe;1;ja;nein;ja;nein;$00000000;nein;nein;5;6;;;1;0.3;;;99;3;nein;;;;0;0;nein;
;dax_KOv_end_ext_ramp;;SYNC_GROUP;dax_KOv_end_ext_ramp;Normierte KO-Amplitude (Kickwinkel) |am Ende der externen Rampe;1;ja;nein;ja;nein;$00000000;nein;nein;5;6;;;1;0.4;;;99;3;nein;;;;0;0;nein;
;dax_KOv_offset_ext_ramp;;SYNC_GROUP;dax_KOv_offset_ext_ramp;Normierter Amplituden-Offset (Kickwinkel) |für externe Rampe;1;ja;nein;ja;nein;$00000000;nein;nein;5;6;;;1;0;;;99;3;nein;;;;0;0;nein;
;dax_KOv_DTM;;SYNC_GROUP;dax_KOv_DTM;Normierte KO-Amplitude (Kickwinkel) |für dyn. Tunemessung vertikal;1;ja;nein;ja;nein;$00000000;nein;nein;5;6;;;1;0.01;;;99;3;nein;;;;0;0;nein;
;E_HEBT;;HEBT_GROUP;E_HEBT;Strahlenergie in der HEBT;1;nein;ja;ja;nein;$00001020;nein;nein;5;3;MeV/u;MeV/u;1;200;;;0;3;nein;;;;0;0;nein;15
;ax_L1MS1;L1MS1H;L1MS1H;L1MS1H: ax;Steering-Winkel (horizontal);2;ja;nein;ja;nein;$00000000;ja;nein;5;2;rad;mrad;1000;0;DCU-P;;99;3;ja;203;202;;0;0.1;ja;201
202;ax_Min_L1MS1;L1MS1H;L1MS1H;L1MS1H: ax_min;Minimaler Steeringwinkel;2;nein;ja;ja;nein;$00000000;nein;nein;5;0;rad;mrad;1000;-50;DCU-P;;0;3;nein;;;;0;0;nein;
203;ax_Max_L1MS1;L1MS1H;L1MS1H;L1MS1H: ax_max;Maximaler Steeringwinkel;2;nein;ja;ja;nein;$00000000;nein;nein;5;0;rad;mrad;1000;50;DCU-P;;0;3;nein;;;;0;0;nein;
;ay_L1MS1;L1MS1V;L1MS1V;L1MS1V: ay;Steering-Winkel (vertikal);2;ja;nein;ja;nein;$00000000;ja;nein;5;2;rad;mrad;1000;0;DCU-P;;99;3;ja;303;302;;0;0.1;ja;301
302;ay_Min_L1MS1;L1MS1V;L1MS1V;L1MS1V: ay_min;Minimaler Steeringwinkel;2;nein;ja;ja;nein;$00000000;nein;nein;5;0;rad;mrad;1000;-50;DCU-P;;0;3;nein;;;;0;0;nein;
303;ay_Max_L1MS1;L1MS1V;L1MS1V;L1MS1V: ay_max;Maximaler Steeringwinkel;2;nein;ja;ja;nein;$00000000;nein;nein;5;0;rad;mrad;1000;50;DCU-P;;0;3;nein;;;;0;0;nein;
;ax_L1MS2;L1MS2H;L1MS2H;L1MS2H: ax;Steering-Winkel (horizontal);2;ja;nein;ja;nein;$00000000;ja;nein;5;2;rad;mrad;1000;0;DCU-P;;99;3;ja;403;402;;0;0.1;ja;401
402;ax_Min_L1MS2;L1MS2H;L1MS2H;L1MS2H: ax_min;Minimaler Steeringwinkel;2;nein;ja;ja;nein;$00000000;nein;nein;5;0;rad;mrad;1000;-50;DCU-P;;0;3;nein;;;;0;0;nein;
403;ax_Max_L1MS2;L1MS2H;L1MS2H;L1MS2H: ax_max;Maximaler Steeringwinkel;2;nein;ja;ja;nein;$00000000;nein;nein;5;0;rad;mrad;1000;50;DCU-P;;0;3;nein;;;;0;0;nein;
;ay_L1MS2;L1MS2V;L1MS2V;L1MS2V: ay;Steering-Winkel (vertikal);2;ja;nein;ja;nein;$00000000;ja;nein;5;2;rad;mrad;1000;0;DCU-P;;99;3;ja;503;502;;0;0.1;ja;501
502;ay_Min_L1MS2;L1MS2V;L1MS2V;L1MS2V: ay_min;Minimaler Steeringwinkel;2;nein;ja;ja;nein;$00000000;nein;nein;5;0;rad;mrad;1000;-50;DCU-P;;0;3;nein;;;;0;0;nein;
503;ay_Max_L1MS2;L1MS2V;L1MS2V;L1MS2V: ay_max;Maximaler Steeringwinkel;2;nein;ja;ja;nein;$00000000;nein;nein;5;0;rad;mrad;1000;50;DCU-P;;0;3;nein;;;;0;0;nein;
;kL_L1QS1;L1QS1;L1QS1;L1QS1: kL;k*L (integraler normierter Feldgradient);2;ja;nein;ja;nein;$00000000;ja;nein;5;3;1/m;1/m;1;-1.9378;DCU-P;;99;3;ja;603;602;;0;0.1;ja;601
602;kL_Min_L1QS1;L1QS1;L1QS1;L1QS1: kL_min;dyn. minimales k*L;2;nein;ja;ja;nein;$00000000;nein;nein;5;3;1/m;1/m;1;0;DCU-P;;0;3;nein;;;;0;0;nein;
603;kL_Max_L1QS1;L1QS1;L1QS1;L1QS1: kL_max;dyn, maximales k*L;2;nein;ja;ja;nein;$00000000;nein;nein;5;3;1/m;1/m;1;;DCU-P;;0;3;nein;;;;0;0;nein;
;dax_L2MU1;L2MU1;L2MU1;L2MU1: dax;Korrekturwinkel;2;ja;nein;ja;nein;$00000010;;nein;5;2;rad;mrad;1000;0;DCU-P;;99;3;ja;;;;0;0.1;ja;701
;axgeo_L2MU1;L2MU1;L2MU1;L2MU1: axgeo;Geometrischer Umlenkwinkel;2;ja;nein;ja;nein;$00000010;;nein;5;2;rad;grad;57.2957795;-90;DCU-P;;99;3;ja;;;;0;0.01;ja;701
;ax_L2MU1;L2MU1;L2MU1;L2MU1: ax;Totaler Umlenkwinkel;2;nein;ja;ja;nein;$00000000;;nein;5;2;rad;mrad;1000;-1573;DCU-P;;99;3;ja;703;702;;0;0.01;ja;
702;ax_min_L2MU1;L2MU1;L2MU1;L2MU1: ax_min;Minimaler Umlenkwinkel;2;nein;ja;ja;nein;$00000000;;nein;5;0;rad;mrad;1000;-500;DCU-P;;0;3;nein;;;;0;0;nein;
703;ax_max_L2MU1;L2MU1;L2MU1;L2MU1: ax_max;Maximaler Umlenkwinkel;2;nein;ja;ja;nein;$00000000;;nein;5;0;rad;mrad;1000;0;DCU-P;;0;3;nein;;;;0;0;nein;
;kL_L2QT11;L2QT11;L2QT11;L2QT11: kL;k*L (integraler normierter Feldgradient);2;ja;nein;ja;nein;$00000810;ja;nein;5;3;1/m;1/m;1;4.5184;DCU-P;;99;3;ja;803;802;;100;0.1;ja;801
802;kL_Min_L2QT11;L2QT11;L2QT11;L2QT11: kL_min;dyn. minimales k*L;2;nein;ja;ja;nein;$00000000;nein;nein;5;3;1/m;1/m;1;0;DCU-P;;0;3;nein;;;;0;0;nein;
803;kL_Max_L2QT11;L2QT11;L2QT11;L2QT11: kL_max;dyn, maximales k*L;2;nein;ja;ja;nein;$00000000;nein;nein;5;3;1/m;1/m;1;;DCU-P;;0;3;nein;;;;0;0;nein;
;kL_L2QT12;L2QT12;L2QT12;L2QT12: kL;k*L (integraler normierter Feldgradient);2;ja;nein;ja;nein;$00000810;ja;nein;5;3;1/m;1/m;1;-5.596;DCU-P;;99;3;ja;903;902;;100;0.1;ja;901
902;kL_Min_L2QT12;L2QT12;L2QT12;L2QT12: kL_min;dyn. minimales k*L;2;nein;ja;ja;nein;$00000000;nein;nein;5;3;1/m;1/m;1;0;DCU-P;;0;3;nein;;;;0;0;nein;
903;kL_Max_L2QT12;L2QT12;L2QT12;L2QT12: kL_max;dyn, maximales k*L;2;nein;ja;ja;nein;$00000000;nein;nein;5;3;1/m;1/m;1;;DCU-P;;0;3;nein;;;;0;0;nein;
;kL_L2QT13;L2QT13;L2QT13;L2QT13: kL;k*L (integraler normierter Feldgradient);2;ja;nein;ja;nein;$00000810;ja;nein;5;3;1/m;1/m;1;2.5342;DCU-P;;99;3;ja;1003;1002;;100;0.1;ja;1001
1002;kL_Min_L2QT13;L2QT13;L2QT13;L2QT13: kL_min;dyn. minimales k*L;2;nein;ja;ja;nein;$00000000;nein;nein;5;3;1/m;1/m;1;0;DCU-P;;0;3;nein;;;;0;0;nein;
1003;kL_Max_L2QT13;L2QT13;L2QT13;L2QT13: kL_max;dyn, maximales k*L;2;nein;ja;ja;nein;$00000000;nein;nein;5;3;1/m;1/m;1;;DCU-P;;0;3;nein;;;;0;0;nein;
;ax_R1MS1;R1MS1H;R1MS1H;R1MS1H: ax;Steering-Winkel (horizontal);2;ja;nein;ja;nein;$00000000;;nein;5;2;rad;mrad;1000;0;DCU-P;;99;3;ja;1203;1202;;0;0.1;ja;1201
1202;ax_Min_R1MS1;R1MS1H;R1MS1H;R1MS1H: ax_min;Minimaler Steeringwinkel;2;nein;ja;ja;nein;$00000000;;nein;5;0;rad;mrad;1000;-50;DCU-P;;0;3;nein;;;;0;0;nein;
1203;ax_Max_R1MS1;R1MS1H;R1MS1H;R1MS1H: ax_max;Maximaler Steeringwinkel;2;nein;ja;ja;nein;$00000000;;nein;5;0;rad;mrad;1000;50;DCU-P;;0;3;nein;;;;0;0;nein;
;ay_R1MS1;R1MS1V;R1MS1V;R1MS1V: ay;Steering-Winkel (vertikal);2;ja;nein;ja;nein;$00000000;;nein;5;2;rad;mrad;1000;0;DCU-P;;99;3;ja;1303;1302;;0;0.1;ja;1301
1302;ay_Min_R1MS1;R1MS1V;R1MS1V;R1MS1V: ay_min;Minimaler Steeringwinkel;2;nein;ja;ja;nein;$00000000;;nein;5;0;rad;mrad;1000;-50;DCU-P;;0;3;nein;;;;0;0;nein;
1303;ay_Max_R1MS1;R1MS1V;R1MS1V;R1MS1V: ay_max;Maximaler Steeringwinkel;2;nein;ja;ja;nein;$00000000;;nein;5;0;rad;mrad;1000;50;DCU-P;;0;3;nein;;;;0;0;nein;
;ax_R1MS2;R1MS2H;R1MS2H;R1MS2H: ax;Steering-Winkel (horizontal);2;ja;nein;ja;nein;$00000000;;nein;5;2;rad;mrad;1000;0;DCU-P;;99;3;ja;1403;1402;;0;0.1;ja;1401
1402;ax_Min_R1MS2;R1MS2H;R1MS2H;R1MS2H: ax_min;Minimaler Steeringwinkel;2;nein;ja;ja;nein;$00000000;;nein;5;0;rad;mrad;1000;-50;DCU-P;;0;3;nein;;;;0;0;nein;
1403;ax_Max_R1MS2;R1MS2H;R1MS2H;R1MS2H: ax_max;Maximaler Steeringwinkel;2;nein;ja;ja;nein;$00000000;;nein;5;0;rad;mrad;1000;50;DCU-P;;0;3;nein;;;;0;0;nein;
;ay_R1MS2;R1MS2V;R1MS2V;R1MS2V: ay;Steering-Winkel (vertikal);2;ja;nein;ja;nein;$00000000;;nein;5;2;rad;mrad;1000;0;DCU-P;;99;3;ja;1503;1502;;0;0.1;ja;1501
1502;ay_Min_R1MS2;R1MS2V;R1MS2V;R1MS2V: ay_min;Minimaler Steeringwinkel;2;nein;ja;ja;nein;$00000000;;nein;5;0;rad;mrad;1000;-50;DCU-P;;0;3;nein;;;;0;0;nein;
1503;ay_Max_R1MS2;R1MS2V;R1MS2V;R1MS2V: ay_max;Maximaler Steeringwinkel;2;nein;ja;ja;nein;$00000000;;nein;5;0;rad;mrad;1000;50;DCU-P;;0;3;nein;;;;0;0;nein;
;kL_R1QS1;R1QS1;R1QS1;R1QS1: kL;k*L (integraler normierter Feldgradient);2;ja;nein;ja;nein;$00000800;ja;nein;5;3;1/m;1/m;1;-1.9378;DCU-P;;99;3;ja;1603;1602;;0;0.1;ja;1601
1602;kL_Min_R1QS1;R1QS1;R1QS1;R1QS1: kL_min;dyn. minimales k*L;2;nein;ja;ja;nein;$00000000;nein;nein;5;3;1/m;1/m;1;0;DCU-P;;0;3;nein;;;;0;0;nein;
1603;kL_Max_R1QS1;R1QS1;R1QS1;R1QS1: kL_max;dyn, maximales k*L;2;nein;ja;ja;nein;$00000000;nein;nein;5;3;1/m;1/m;1;;DCU-P;;0;3;nein;;;;0;0;nein;
;dax_R2MU1;R2MU1;R2MU1;R2MU1: dax;Korrekturwinkel;2;ja;nein;ja;nein;$00000000;;nein;5;2;rad;mrad;1000;0;DCU-P;;99;3;ja;;;;0;0.1;ja;1701
;axgeo_R2MU1;R2MU1;R2MU1;R2MU1: axgeo;Geometrischer Umlenkwinkel;2;ja;nein;ja;nein;$00000000;;nein;5;2;rad;grad;57.2957795;-90;DCU-P;;99;3;ja;;;;0;0.01;ja;1701
;ax_R2MU1;R2MU1;R2MU1;R2MU1: ax;Totaler Umlenkwinkel;2;nein;ja;ja;nein;$00000000;;nein;5;2;rad;mrad;1000;-1573;DCU-P;;99;3;ja;1703;1702;;0;0.01;ja;
1702;ax_min_R2MU1;R2MU1;R2MU1;R2MU1: ax_min;Minimaler Umlenkwinkel;2;nein;ja;ja;nein;$00000000;;nein;5;0;rad;mrad;1000;-10;DCU-P;;0;3;nein;;;;0;0;nein;
1703;ax_max_R2MU1;R2MU1;R2MU1;R2MU1: ax_max;Maximaler Umlenkwinkel;2;nein;ja;ja;nein;$00000000;;nein;5;0;rad;mrad;1000;10;DCU-P;;0;3;nein;;;;0;0;nein;
;kL_R2QT11;R2QT11;R2QT11;R2QT11: kL;k*L (integraler normierter Feldgradient);2;ja;nein;ja;nein;$00000800;ja;nein;5;3;1/m;1/m;1;4.5184;DCU-P;;99;3;ja;1803;1802;;101;0.1;ja;1801
1802;kL_Min_R2QT11;R2QT11;R2QT11;R2QT11: kL_min;dyn. minimales k*L;2;nein;ja;ja;nein;$00000000;nein;nein;5;3;1/m;1/m;1;0;DCU-P;;0;3;nein;;;;0;0;nein;
1803;kL_Max_R2QT11;R2QT11;R2QT11;R2QT11: kL_max;dyn, maximales k*L;2;nein;ja;ja;nein;$00000000;nein;nein;5;3;1/m;1/m;1;;DCU-P;;0;3;nein;;;;0;0;nein;
;kL_R2QT12;R2QT12;R2QT12;R2QT12: kL;k*L (integraler normierter Feldgradient);2;ja;nein;ja;nein;$00000800;ja;nein;5;3;1/m;1/m;1;-5.596;DCU-P;;99;3;ja;1903;1902;;101;0.1;ja;1901
1902;kL_Min_R2QT12;R2QT12;R2QT12;R2QT12: kL_min;dyn. minimales k*L;2;nein;ja;ja;nein;$00000000;nein;nein;5;3;1/m;1/m;1;0;DCU-P;;0;3;nein;;;;0;0;nein;
1903;kL_Max_R2QT12;R2QT12;R2QT12;R2QT12: kL_max;dyn, maximales k*L;2;nein;ja;ja;nein;$00000000;nein;nein;5;3;1/m;1/m;1;;DCU-P;;0;3;nein;;;;0;0;nein;
;kL_R2QT13;R2QT13;R2QT13;R2QT13: kL;k*L (integraler normierter Feldgradient);2;ja;nein;ja;nein;$00000800;ja;nein;5;3;1/m;1/m;1;2.5342;DCU-P;;99;3;ja;2003;2002;;101;0.1;ja;2001
2002;kL_Min_R2QT13;R2QT13;R2QT13;R2QT13: kL_min;dyn. minimales k*L;2;nein;ja;ja;nein;$00000000;nein;nein;5;3;1/m;1/m;1;0;DCU-P;;0;3;nein;;;;0;0;nein;
2003;kL_Max_R2QT13;R2QT13;R2QT13;R2QT13: kL_max;dyn, maximales k*L;2;nein;ja;ja;nein;$00000000;nein;nein;5;3;1/m;1/m;1;;DCU-P;;0;3;nein;;;;0;0;nein;
;ax_D1MS1;D1MS1H;D1MS1H;D1MS1H: ax;Steering-Winkel (horizontal);2;ja;nein;ja;nein;$00000000;ja;nein;5;2;rad;mrad;1000;0;DCU-P;;99;3;ja;6303;6302;;0;0.1;ja;6301
6302;ax_Min_D1MS1;D1MS1H;D1MS1H;D1MS1H: ax_min;Minimaler Steeringwinkel;2;nein;ja;ja;nein;$00000000;nein;nein;5;0;rad;mrad;1000;-50;DCU-P;;0;3;nein;;;;0;0;nein;
6303;ax_Max_D1MS1;D1MS1H;D1MS1H;D1MS1H: ax_max;Maximaler Steeringwinkel;2;nein;ja;ja;nein;$00000000;nein;nein;5;0;rad;mrad;1000;50;DCU-P;;0;3;nein;;;;0;0;nein;
;ay_D1MS1;D1MS1V;D1MS1V;D1MS1V: ay;Steering-Winkel (vertikal);2;ja;nein;ja;nein;$00000000;ja;nein;5;2;rad;mrad;1000;0;DCU-P;;99;3;ja;6403;6402;;0;0.1;ja;6401
6402;ay_Min_D1MS1;D1MS1V;D1MS1V;D1MS1V: ay_min;Minimaler Steeringwinkel;2;nein;ja;ja;nein;$00000000;nein;nein;5;0;rad;mrad;1000;-50;DCU-P;;0;3;nein;;;;0;0;nein;
6403;ay_Max_D1MS1;D1MS1V;D1MS1V;D1MS1V: ay_max;Maximaler Steeringwinkel;2;nein;ja;ja;nein;$00000000;nein;nein;5;0;rad;mrad;1000;50;DCU-P;;0;3;nein;;;;0;0;nein;
;ax_D2MS1;D2MS1H;D2MS1H;D2MS1H: ax;Steering-Winkel (horizontal);2;ja;nein;ja;nein;$00000800;ja;nein;5;2;rad;mrad;1000;0;DCU-P;;99;3;ja;6503;6502;;0;0.1;ja;6501
6502;ax_Min_D2MS1;D2MS1H;D2MS1H;D2MS1H: ax_min;Minimaler Steeringwinkel;2;nein;ja;ja;nein;$00000000;nein;nein;5;0;rad;mrad;1000;-50;DCU-P;;0;3;nein;;;;0;0;nein;
6503;ax_Max_D2MS1;D2MS1H;D2MS1H;D2MS1H: ax_max;Maximaler Steeringwinkel;2;nein;ja;ja;nein;$00000000;nein;nein;5;0;rad;mrad;1000;50;DCU-P;;0;3;nein;;;;0;0;nein;
;ay_D2MS1;D2MS1V;D2MS1V;D2MS1V: ay;Steering-Winkel (vertikal);2;ja;nein;ja;nein;$00000800;ja;nein;5;2;rad;mrad;1000;0;DCU-P;;99;3;ja;6603;6602;;0;0.1;ja;6601
6602;ay_Min_D2MS1;D2MS1V;D2MS1V;D2MS1V: ay_min;Minimaler Steeringwinkel;2;nein;ja;ja;nein;$00000000;nein;nein;5;0;rad;mrad;1000;-50;DCU-P;;0;3;nein;;;;0;0;nein;
6603;ay_Max_D2MS1;D2MS1V;D2MS1V;D2MS1V: ay_max;Maximaler Steeringwinkel;2;nein;ja;ja;nein;$00000000;nein;nein;5;0;rad;mrad;1000;50;DCU-P;;0;3;nein;;;;0;0;nein;
;dax_D2MU1;D2MU1;D2MU1;D2MU1: dax;Korrekturwinkel;2;ja;nein;ja;nein;$00000000;;nein;5;2;rad;mrad;1000;0;DCU-P;;99;3;ja;;;;0;0.1;ja;6701
;axgeo_D2MU1;D2MU1;D2MU1;D2MU1: axgeo;Geometrischer Umlenkwinkel;2;ja;nein;ja;nein;$00000000;;nein;5;2;rad;grad;57.2957795;-90;DCU-P;;99;3;ja;;;;0;0.01;ja;6701
;ax_D2MU1;D2MU1;D2MU1;D2MU1: ax;Totaler Umlenkwinkel;2;nein;ja;ja;nein;$00000000;;nein;5;2;rad;mrad;1000;-1573;DCU-P;;99;3;ja;6703;6702;;0;0.01;ja;
6702;ax_min_D2MU1;D2MU1;D2MU1;D2MU1: ax_min;Minimaler Umlenkwinkel;2;nein;ja;ja;nein;$00000000;;nein;5;0;rad;mrad;1000;-500;DCU-P;;0;3;nein;;;;0;0;nein;
6703;ax_max_D2MU1;D2MU1;D2MU1;D2MU1: ax_max;Maximaler Umlenkwinkel;2;nein;ja;ja;nein;$00000000;;nein;5;0;rad;mrad;1000;0;DCU-P;;0;3;nein;;;;0;0;nein;
;kL_D2QT11;D2QT11;D2QT11;D2QT11: kL;k*L (integraler normierter Feldgradient);2;ja;nein;ja;nein;$00000800;ja;nein;5;3;1/m;1/m;1;4.5184;DCU-P;;99;3;ja;6803;6802;;100;0.1;ja;6801
6802;kL_Min_D2QT11;D2QT11;D2QT11;D2QT11: kL_min;dyn. minimales k*L;2;nein;ja;ja;nein;$00000000;nein;nein;5;3;1/m;1/m;1;0;DCU-P;;0;3;nein;;;;0;0;nein;
6803;kL_Max_D2QT11;D2QT11;D2QT11;D2QT11: kL_max;dyn, maximales k*L;2;nein;ja;ja;nein;$00000000;nein;nein;5;3;1/m;1/m;1;;DCU-P;;0;3;nein;;;;0;0;nein;
;kL_D2QT12;D2QT12;D2QT12;D2QT12: kL;k*L (integraler normierter Feldgradient);2;ja;nein;ja;nein;$00000800;ja;nein;5;3;1/m;1/m;1;-5.596;DCU-P;;99;3;ja;6903;6902;;100;0.1;ja;6901
6902;kL_Min_D2QT12;D2QT12;D2QT12;D2QT12: kL_min;dyn. minimales k*L;2;nein;ja;ja;nein;$00000000;nein;nein;5;3;1/m;1/m;1;0;DCU-P;;0;3;nein;;;;0;0;nein;
6903;kL_Max_D2QT12;D2QT12;D2QT12;D2QT12: kL_max;dyn, maximales k*L;2;nein;ja;ja;nein;$00000000;nein;nein;5;3;1/m;1/m;1;;DCU-P;;0;3;nein;;;;0;0;nein;
;kL_D2QT13;D2QT13;D2QT13;D2QT13: kL;k*L (integraler normierter Feldgradient);2;ja;nein;ja;nein;$00000800;ja;nein;5;3;1/m;1/m;1;2.5342;DCU-P;;99;3;ja;7003;7002;;100;0.1;ja;7001
7002;kL_Min_D2QT13;D2QT13;D2QT13;D2QT13: kL_min;dyn. minimales k*L;2;nein;ja;ja;nein;$00000000;nein;nein;5;3;1/m;1/m;1;0;DCU-P;;0;3;nein;;;;0;0;nein;
7003;kL_Max_D2QT13;D2QT13;D2QT13;D2QT13: kL_max;dyn, maximales k*L;2;nein;ja;ja;nein;$00000000;nein;nein;5;3;1/m;1/m;1;;DCU-P;;0;3;nein;;;;0;0;nein;
;dax_N1MU1;N1MU1;N1MU1;N1MU1: dax;Korrekturwinkel;2;ja;nein;ja;nein;$00000010;;nein;5;2;rad;mrad;1000;0;DCU-P;;99;3;ja;2103;2102;;0;0.1;ja;2101
;axgeo_N1MU1;N1MU1;N1MU1;N1MU1: axgeo;Geometrischer Umlenkwinkel;2;ja;nein;ja;nein;$00000010;;nein;5;2;rad;grad;57.2957795;-30;DCU-P;;99;3;ja;2103;2102;;0;0.1;ja;2101
;ax_N1MU1;N1MU1;N1MU1;N1MU1: ax;Totaler Umlenkwinkel;2;nein;ja;ja;nein;$00000000;;nein;5;2;rad;mrad;1000;225;DCU-P;;99;3;ja;2103;2102;;0;0.1;ja;
2102;ax_min_N1MU1;N1MU1;N1MU1;N1MU1: ax_min;Minimaler Umlenkwinkel;2;nein;ja;ja;nein;$00000000;;nein;5;0;rad;mrad;1000;-890;DCU-P;;0;3;nein;;;;0;0;nein;
2103;ax_max_N1MU1;N1MU1;N1MU1;N1MU1: ax_max;Maximaler Umlenkwinkel;2;nein;ja;ja;nein;$00000000;;nein;5;0;rad;mrad;1000;890;DCU-P;;0;3;nein;;;;0;0;nein;
;ax_N1MS1;N1MS1H;N1MS1H;N1MS1H: ax;Steering-Winkel (horizontal);2;ja;nein;ja;nein;$00000000;;nein;5;2;rad;mrad;1000;0;DCU-P;;99;3;ja;2203;2202;;200;0.1;ja;2201
2202;ax_Min_N1MS1;N1MS1H;N1MS1H;N1MS1H: ax_min;Minimaler Steeringwinkel;2;nein;ja;ja;nein;$00000000;;nein;5;0;rad;mrad;1000;-50;DCU-P;;0;3;nein;;;;0;0;nein;
2203;ax_Max_N1MS1;N1MS1H;N1MS1H;N1MS1H: ax_max;Maximaler Steeringwinkel;2;nein;ja;ja;nein;$00000000;;nein;5;0;rad;mrad;1000;50;DCU-P;;0;3;nein;;;;0;0;nein;
;ay_N1MS1;N1MS1V;N1MS1V;N1MS1V: ay;Steering-Winkel (vertikal);2;ja;nein;ja;nein;$00000000;;nein;5;2;rad;mrad;1000;0;DCU-P;;99;3;ja;2303;2302;;0;0.1;ja;2301
2302;ay_Min_N1MS1;N1MS1V;N1MS1V;N1MS1V: ay_min;Minimaler Steeringwinkel;2;nein;ja;ja;nein;$00000000;;nein;5;0;rad;mrad;1000;-50;DCU-P;;0;3;nein;;;;0;0;nein;
2303;ay_Max_N1MS1;N1MS1V;N1MS1V;N1MS1V: ay_max;Maximaler Steeringwinkel;2;nein;ja;ja;nein;$00000000;;nein;5;0;rad;mrad;1000;50;DCU-P;;0;3;nein;;;;0;0;nein;
;ax_N1BC1;N1BC1;N1BC1;N1BC1: ax;Ablenkungswinkel Chopper;2;ja;nein;ja;nein;$00000000;;nein;5;2;rad;mrad;1000;175;DCU-T;;99;3;ja;2351;2350;;200;1;ja;2355
2350;ax_min_N1BC1;N1BC1;N1BC1;N1BC1: ax_min;Minimaler Ablenkwinkel;2;nein;ja;ja;nein;$00000000;;nein;5;1;rad;mrad;1000;0;DCU-T;;;3;nein;;;;;;;
2351;ax_max_N1BC1;N1BC1;N1BC1;N1BC1: ax_max;Maximaler Ablenkwinkel;2;nein;ja;ja;nein;$00000000;;nein;5;1;rad;mrad;1000;500;DCU-T;;;3;nein;;;;;;;
;ax_N1MS2;N1MS2H;N1MS2H;N1MS2H: ax;Steering-Winkel (horizontal);2;ja;nein;ja;nein;$00000000;;nein;5;2;rad;mrad;1000;0;DCU-P;;99;3;ja;2403;2402;;200;0.1;ja;2401
2402;ax_Min_N1MS2;N1MS2H;N1MS2H;N1MS2H: ax_min;Minimaler Steeringwinkel;2;nein;ja;ja;nein;$00000000;;nein;5;0;rad;mrad;1000;-50;DCU-P;;0;3;nein;;;;0;0;nein;
2403;ax_Max_N1MS2;N1MS2H;N1MS2H;N1MS2H: ax_max;Maximaler Steeringwinkel;2;nein;ja;ja;nein;$00000000;;nein;5;0;rad;mrad;1000;50;DCU-P;;0;3;nein;;;;0;0;nein;
;ay_N1MS2;N1MS2V;N1MS2V;N1MS2V: ay;Steering-Winkel (vertikal);2;ja;nein;ja;nein;$00000000;;nein;5;2;rad;mrad;1000;0;DCU-P;;99;3;ja;2503;2502;;0;0.1;ja;2501
2502;ay_Min_N1MS2;N1MS2V;N1MS2V;N1MS2V: ay_min;Minimaler Steeringwinkel;2;nein;ja;ja;nein;$00000000;;nein;5;0;rad;mrad;1000;-50;DCU-P;;0;3;nein;;;;0;0;nein;
2503;ay_Max_N1MS2;N1MS2V;N1MS2V;N1MS2V: ay_max;Maximaler Steeringwinkel;2;nein;ja;ja;nein;$00000000;;nein;5;0;rad;mrad;1000;50;DCU-P;;0;3;nein;;;;0;0;nein;
;ax_I1MS1;I1MS1H;I1MS1H;I1MS1H: ax;Steering-Winkel (horizontal);2;ja;nein;ja;nein;$00000000;ja;nein;5;2;rad;mrad;1000;3;DCU-P;;99;3;ja;2703;2702;;0;0.1;ja;2701
2702;ax_Min_I1MS1;I1MS1H;I1MS1H;I1MS1H: ax_min;Minimaler Steeringwinkel;2;nein;ja;ja;nein;$00000000;nein;nein;5;1;rad;mrad;1000;-10;DCU-P;;0;3;nein;;;;0;0;nein;
2703;ax_Max_I1MS1;I1MS1H;I1MS1H;I1MS1H: ax_max;Maximaler Steeringwinkel;2;nein;ja;ja;nein;$00000000;nein;nein;5;1;rad;mrad;1000;10;DCU-P;;0;3;nein;;;;0;0;nein;
;ay_I1MS1;I1MS1V;I1MS1V;I1MS1V: ay;Steering-Winkel (vertikal);2;ja;nein;ja;nein;$00000000;ja;nein;5;2;rad;mrad;1000;-2;DCU-P;;99;3;ja;2803;2802;;0;0.1;ja;2801
2802;ay_Min_I1MS1;I1MS1V;I1MS1V;I1MS1V: ay_min;Minimaler Steeringwinkel;2;nein;ja;ja;nein;$00000000;nein;nein;5;1;rad;mrad;1000;-10;DCU-P;;0;3;nein;;;;0;0;nein;
2803;ay_Max_I1MS1;I1MS1V;I1MS1V;I1MS1V: ay_max;Maximaler Steeringwinkel;2;nein;ja;ja;nein;$00000000;nein;nein;5;1;rad;mrad;1000;10;DCU-P;;0;3;nein;;;;0;0;nein;
;kL_I1QD11;I1QD11;I1QD11;I1QD11: kL;k*L (integraler normierter Feldgradient);2;ja;nein;ja;nein;$00000000;ja;nein;5;3;1/m;1/m;1;-16.67;DCU-P;;99;3;ja;3103;3102;;110;0.1;ja;3101
3102;kL_Min_I1QD11;I1QD11;I1QD11;I1QD11: kL_min;dyn. minimales k*L;2;nein;ja;ja;nein;$00000000;nein;nein;5;3;1/m;1/m;1;0;DCU-P;;0;3;nein;;;;0;0;nein;
3103;kL_Max_I1QD11;I1QD11;I1QD11;I1QD11: kL_max;dyn, maximales k*L;2;nein;ja;ja;nein;$00000000;nein;nein;5;3;1/m;1/m;1;;DCU-P;;0;3;nein;;;;0;0;nein;
;kL_I1QD12;I1QD12;I1QD12;I1QD12: kL;k*L (integraler normierter Feldgradient);2;ja;nein;ja;nein;$00000000;ja;nein;5;3;1/m;1/m;1;5;DCU-P;;99;3;ja;3203;3202;;110;0.1;ja;3201
3202;kL_Min_I1QD12;I1QD12;I1QD12;I1QD12: kL_min;dyn. minimales k*L;2;nein;ja;ja;nein;$00000000;nein;nein;5;3;1/m;1/m;1;0;DCU-P;;0;3;nein;;;;0;0;nein;
3203;kL_Max_I1QD12;I1QD12;I1QD12;I1QD12: kL_max;dyn, maximales k*L;2;nein;ja;ja;nein;$00000000;nein;nein;5;3;1/m;1/m;1;20;DCU-P;;0;3;nein;;;;0;0;nein;
;kL_I1QT21;I1QT21;I1QT21;I1QT21: kL;k*L (integraler normierter Feldgradient);2;ja;nein;ja;nein;$00000000;ja;nein;5;3;1/m;1/m;1;-3;DCU-P;;99;3;ja;3303;3302;;120;0.1;ja;3301
3302;kL_Min_I1QT21;I1QT21;I1QT21;I1QT21: kL_min;dyn. minimales k*L;2;nein;ja;ja;nein;$00000000;nein;nein;5;3;1/m;1/m;1;-5;DCU-P;;0;3;nein;;;;0;0;nein;
3303;kL_Max_I1QT21;I1QT21;I1QT21;I1QT21: kL_max;dyn, maximales k*L;2;nein;ja;ja;nein;$00000000;nein;nein;5;3;1/m;1/m;1;0;DCU-P;;0;3;nein;;;;0;0;nein;
;kL_I1QT22;I1QT22;I1QT22;I1QT22: kL;k*L (integraler normierter Feldgradient);2;ja;nein;ja;nein;$00000000;ja;nein;5;3;1/m;1/m;1;3;DCU-P;;99;3;ja;3403;3402;;120;0.1;ja;3401
3402;kL_Min_I1QT22;I1QT22;I1QT22;I1QT22: kL_min;dyn. minimales k*L;2;nein;ja;ja;nein;$00000000;nein;nein;5;3;1/m;1/m;1;0;DCU-P;;0;3;nein;;;;0;0;nein;
3403;kL_Max_I1QT22;I1QT22;I1QT22;I1QT22: kL_max;dyn, maximales k*L;2;nein;ja;ja;nein;$00000000;nein;nein;5;3;1/m;1/m;1;5;DCU-P;;0;3;nein;;;;0;0;nein;
;kL_I1QT23;I1QT21;I1QT21;I1QT23: kL;k*L (integraler normierter Feldgradient);2;nein;ja;ja;nein;$00000000;nein;nein;5;3;1/m;1/m;1;-3;;;99;3;nein;;;;0;;ja;
;kL_I1QT31;I1QT31;I1QT31;I1QT31: kL;k*L (integraler normierter Feldgradient);2;ja;nein;ja;nein;$00000000;ja;nein;5;3;1/m;1/m;1;3;DCU-P;;99;3;ja;3503;3502;;121;0.1;ja;3501
3502;kL_Min_I1QT31;I1QT31;I1QT31;I1QT31: kL_min;dyn. minimales k*L;2;nein;ja;ja;nein;$00000000;nein;nein;5;3;1/m;1/m;1;0;DCU-P;;0;3;nein;;;;0;0;nein;
3503;kL_Max_I1QT31;I1QT31;I1QT31;I1QT31: kL_max;dyn, maximales k*L;2;nein;ja;ja;nein;$00000000;nein;nein;5;3;1/m;1/m;1;5;DCU-P;;0;3;nein;;;;0;0;nein;
;kL_I1QT32;I1QT32;I1QT32;I1QT32: kL;k*L (integraler normierter Feldgradient);2;ja;nein;ja;nein;$00000000;ja;nein;5;3;1/m;1/m;1;-3;DCU-P;;99;3;ja;3603;3602;;121;0.1;ja;3601
3602;kL_Min_I1QT32;I1QT32;I1QT32;I1QT32: kL_min;dyn. minimales k*L;2;nein;ja;ja;nein;$00000000;nein;nein;5;3;1/m;1/m;1;-5;DCU-P;;0;3;nein;;;;0;0;nein;
3603;kL_Max_I1QT32;I1QT32;I1QT32;I1QT32: kL_max;dyn, maximales k*L;2;nein;ja;ja;nein;$00000000;nein;nein;5;3;1/m;1/m;1;0;DCU-P;;0;3;nein;;;;0;0;nein;
;kL_I1QT33;I1QT31;I1QT31;I1QT33: kL;k*L (integraler normierter Feldgradient);2;nein;ja;ja;nein;$00000000;nein;nein;5;3;1/m;1/m;1;3;;;99;3;nein;;;;0;;ja;
;kL_I1QT41;I1QT41;I1QT41;I1QT41: kL;k*L (integraler normierter Feldgradient);2;ja;nein;ja;nein;$00000000;ja;nein;5;3;1/m;1/m;1;-3;DCU-P;;99;3;ja;3803;3802;;122;0.1;ja;3801
3802;kL_Min_I1QT41;I1QT41;I1QT41;I1QT41: kL_min;dyn. minimales k*L;2;nein;ja;ja;nein;$00000000;nein;nein;5;3;1/m;1/m;1;-5;DCU-P;;0;3;nein;;;;0;0;nein;
3803;kL_Max_I1QT41;I1QT41;I1QT41;I1QT41: kL_max;dyn, maximales k*L;2;nein;ja;ja;nein;$00000000;nein;nein;5;3;1/m;1/m;1;0;DCU-P;;0;3;nein;;;;0;0;nein;
;kL_I1QT42;I1QT42;I1QT42;I1QT42: kL;k*L (integraler normierter Feldgradient);2;ja;nein;ja;nein;$00000000;ja;nein;5;3;1/m;1/m;1;3;DCU-P;;99;3;ja;3903;3902;;122;0.1;ja;3901
3902;kL_Min_I1QT42;I1QT42;I1QT42;I1QT42: kL_min;dyn. minimales k*L;2;nein;ja;ja;nein;$00000000;nein;nein;5;3;1/m;1/m;1;0;DCU-P;;0;3;nein;;;;0;0;nein;
3903;kL_Max_I1QT42;I1QT42;I1QT42;I1QT42: kL_max;dyn, maximales k*L;2;nein;ja;ja;nein;$00000000;nein;nein;5;3;1/m;1/m;1;5;DCU-P;;0;3;nein;;;;0;0;nein;
;kL_I1QT43;I1QT41;I1QT41;I1QT43: kL;k*L (integraler normierter Feldgradient);2;nein;ja;ja;nein;$00000000;nein;nein;5;3;1/m;1/m;1;-3;;;99;3;nein;;;;0;;ja;
;kL_I1QT51;I1QT51;I1QT51;I1QT51: kL;k*L (integraler normierter Feldgradient);2;ja;nein;ja;nein;$00000000;ja;nein;5;3;1/m;1/m;1;3;DCU-P;;99;3;ja;4103;4102;;123;0.1;ja;4101
4102;kL_Min_I1QT51;I1QT51;I1QT51;I1QT51: kL_min;dyn. minimales k*L;2;nein;ja;ja;nein;$00000000;nein;nein;5;3;1/m;1/m;1;0;DCU-P;;0;3;nein;;;;0;0;nein;
4103;kL_Max_I1QT51;I1QT51;I1QT51;I1QT51: kL_max;dyn, maximales k*L;2;nein;ja;ja;nein;$00000000;nein;nein;5;3;1/m;1/m;1;5;DCU-P;;0;3;nein;;;;0;0;nein;
;kL_I1QT52;I1QT52;I1QT52;I1QT52: kL;k*L (integraler normierter Feldgradient);2;ja;nein;ja;nein;$00000000;ja;nein;5;3;1/m;1/m;1;-3;DCU-P;;99;3;ja;4203;4202;;123;0.1;ja;4201
4202;kL_Min_I1QT52;I1QT52;I1QT52;I1QT52: kL_min;dyn. minimales k*L;2;nein;ja;ja;nein;$00000000;nein;nein;5;3;1/m;1/m;1;-5;DCU-P;;0;3;nein;;;;0;0;nein;
4203;kL_Max_I1QT52;I1QT52;I1QT52;I1QT52: kL_max;dyn, maximales k*L;2;nein;ja;ja;nein;$00000000;nein;nein;5;3;1/m;1/m;1;0;DCU-P;;0;3;nein;;;;0;0;nein;
;kL_I1QT53;I1QT51;I1QT51;I1QT53: kL;k*L (integraler normierter Feldgradient);2;nein;ja;ja;nein;$00000000;nein;nein;5;3;1/m;1/m;1;3;;;99;3;nein;;;;0;;ja;
;ax_I1MS2;I1MS2H;I1MS2H;I1MS2H: ax;Steering-Winkel (horizontal);2;ja;nein;ja;nein;$00000000;ja;nein;5;2;rad;mrad;1000;0;DCU-P;;99;3;ja;4213;4212;;;0.1;ja;4211
4212;ax_Min_I1MS2;I1MS2H;I1MS2H;I1MS2H: ax_min;Minimaler Steeringwinkel;2;nein;ja;ja;nein;$00000000;;nein;5;0;rad;mrad;1000;-10;DCU-P;;0;3;nein;;;;0;0;nein;
4213;ax_Max_I1MS2;I1MS2H;I1MS2H;I1MS2H: ax_max;Maximaler Steeringwinkel;2;nein;ja;ja;nein;$00000000;;nein;5;0;rad;mrad;1000;10;DCU-P;;0;3;nein;;;;0;0;nein;
;ay_I1MS2;I1MS2V;I1MS2V;I1MS2V: ay;Steering-Winkel (vertikal);2;ja;nein;ja;nein;$00000000;ja;nein;5;2;rad;mrad;1000;0;DCU-P;;99;3;ja;4223;4222;;0;0.1;ja;4221
4222;ay_Min_I1MS2;I1MS2V;I1MS2V;I1MS2V: ay_min;Minimaler Steeringwinkel;2;nein;ja;ja;nein;$00000000;;nein;5;0;rad;mrad;1000;-10;DCU-P;;0;3;nein;;;;0;0;nein;
4223;ay_Max_I1MS2;I1MS2V;I1MS2V;I1MS2V: ay_max;Maximaler Steeringwinkel;2;nein;ja;ja;nein;$00000000;;nein;5;0;rad;mrad;1000;10;DCU-P;;0;3;nein;;;;0;0;nein;
;kL_M1QD11;M1QD11;M1QD11;M1QD11: kL;k*L (integraler normierter Feldgradient);2;ja;nein;ja;nein;$00000000;ja;nein;5;3;1/m;1/m;1;-1.36;DCU-P;;99;3;ja;5003;5002;;130;0.05;ja;5001
5002;kL_Min_M1QD11;M1QD11;M1QD11;M1QD11: kL_min;dyn. minimales k*L;2;nein;ja;ja;nein;$00000000;nein;nein;5;3;1/m;1/m;1;-4;DCU-P;;0;3;nein;;;;0;0;nein;
5003;kL_Max_M1QD11;M1QD11;M1QD11;M1QD11: kL_max;dyn, maximales k*L;2;nein;ja;ja;nein;$00000000;nein;nein;5;3;1/m;1/m;1;0;DCU-P;;0;3;nein;;;;0;0;nein;
;kL_M1QD12;M1QD12;M1QD12;M1QD12: kL;k*L (integraler normierter Feldgradient);2;ja;nein;ja;nein;$00000000;ja;nein;5;3;1/m;1/m;1;1.36;DCU-P;;99;3;ja;5103;5102;;130;0.05;ja;5101
5102;kL_Min_M1QD12;M1QD12;M1QD12;M1QD12: kL_min;dyn. minimales k*L;2;nein;ja;ja;nein;$00000000;nein;nein;5;3;1/m;1/m;1;0;DCU-P;;0;3;nein;;;;0;0;nein;
5103;kL_Max_M1QD12;M1QD12;M1QD12;M1QD12: kL_max;dyn, maximales k*L;2;nein;ja;ja;nein;$00000000;nein;nein;5;3;1/m;1/m;1;4;DCU-P;;0;3;nein;;;;0;0;nein;
;dax_M1MU1;M1MU1;M1MU1;M1MU1: dax;Korrekturwinkel;2;ja;nein;ja;nein;$00000000;ja;nein;5;2;rad;mrad;1000;1;DCU-P;;99;3;ja;;;;0;0.1;ja;4601
;dax_fcorr_M1MU1;M1MU1;M1MU1;M1MU1: dax_fcorr;Korrektur integrale Feldlänge;2;ja;nein;ja;nein;$00000000;ja;nein;5;2;rad;mrad;1000;12.5;DCU-P;;99;3;ja;;;;0;0.1;ja;4601
;axgeo_M1MU1;M1MU1;M1MU1;M1MU1: axgeo;Geometrischer Umlenkwinkel;2;ja;nein;ja;nein;$00000000;;nein;5;2;rad;grad;57.2957795;-25;DCU-P;;99;3;ja;;;;0;0.1;ja;4601
;ax_M1MU1;M1MU1;M1MU1;M1MU1: ax;Totaler Umlenkwinkel;2;nein;ja;ja;nein;$00000000;;nein;5;2;rad;mrad;1000;-435;DCU-P;;99;3;ja;4603;4602;;0;0.1;ja;4601
4602;ax_min_M1MU1;M1MU1;M1MU1;M1MU1: ax_min;Minimaler Umlenkwinkel;2;nein;ja;ja;nein;$00000000;;nein;5;0;rad;mrad;1000;-10;DCU-P;;0;3;nein;;;;0;0;nein;
4603;ax_max_M1MU1;M1MU1;M1MU1;M1MU1: ax_max;Maximaler Umlenkwinkel;2;nein;ja;ja;nein;$00000000;;nein;5;0;rad;mrad;1000;10;DCU-P;;0;3;nein;;;;0;0;nein;
;ax_M1MS1;M1MS1H;M1MS1H;M1MS1H: ax;Steering-Winkel (horizontal);2;ja;nein;ja;nein;$00000000;ja;nein;5;2;rad;mrad;1000;10;DCU-P;;99;3;ja;5603;5602;;210;0.1;ja;5601
5602;ax_Min_M1MS1;M1MS1H;M1MS1H;M1MS1H: ax_min;Minimaler Steeringwinkel;2;nein;ja;ja;nein;$00000000;;nein;5;1;rad;mrad;1000;-10;DCU-P;;0;3;nein;;;;0;0;nein;
5603;ax_Max_M1MS1;M1MS1H;M1MS1H;M1MS1H: ax_max;Maximaler Steeringwinkel;2;nein;ja;ja;nein;$00000000;;nein;5;1;rad;mrad;1000;10;DCU-P;;0;3;nein;;;;0;0;nein;
;ay_M1MS1;M1MS1V;M1MS1V;M1MS1V: ay;Steering-Winkel (vertikal);2;ja;nein;ja;nein;$00000000;ja;nein;5;2;rad;mrad;1000;10;DCU-P;;99;3;ja;5703;5702;;0;0.1;ja;5701
5702;ay_Min_M1MS1;M1MS1V;M1MS1V;M1MS1V: ay_min;Minimaler Steeringwinkel;2;nein;ja;ja;nein;$00000000;;nein;5;1;rad;mrad;1000;-10;DCU-P;;0;3;nein;;;;0;0;nein;
5703;ay_Max_M1MS1;M1MS1V;M1MS1V;M1MS1V: ay_max;Maximaler Steeringwinkel;2;nein;ja;ja;nein;$00000000;;nein;5;1;rad;mrad;1000;10;DCU-P;;0;3;nein;;;;0;0;nein;
;ax_M1BC1;M1BC1;M1BC1;M1BC1: ax;Ablenkungswinkel Chopper;2;ja;nein;ja;nein;$00000000;ja;nein;5;2;rad;mrad;1000;20;DCU-T;;99;3;ja;4902;4901;;210;0.1;ja;4905
4901;ax_min_M1BC1;M1BC1;M1BC1;M1BC1: ax_min;Minimaler Ablenkwinkel;2;nein;ja;ja;nein;$00000000;;nein;5;1;rad;mrad;1000;0;DCU-T;;0;3;nein;;;;0;;nein;
4902;ax_max_M1BC1;M1BC1;M1BC1;M1BC1: ax_max;Maximaler Ablenkwinkel;2;nein;ja;ja;nein;$00000000;;nein;5;1;rad;mrad;1000;50;DCU-T;;0;3;nein;;;;0;;nein ;
;ax_M1MS2;M1MS2H;M1MS2H;M1MS2H: ax;Steering-Winkel (horizontal);2;ja;nein;ja;nein;$00000000;ja;nein;5;2;rad;mrad;1000;10;DCU-P;;99;3;ja;5803;5802;;210;0.1;ja;5801
5802;ax_Min_M1MS2;M1MS2H;M1MS2H;M1MS2H: ax_min;Minimaler Steeringwinkel;2;nein;ja;ja;nein;$00000000;;nein;5;1;rad;mrad;1000;-10;DCU-P;;0;3;nein;;;;0;0;nein;
5803;ax_Max_M1MS2;M1MS2H;M1MS2H;M1MS2H: ax_max;Maximaler Steeringwinkel;2;nein;ja;ja;nein;$00000000;;nein;5;1;rad;mrad;1000;10;DCU-P;;0;3;nein;;;;0;0;nein;
;ay_M1MS2;M1MS2V;M1MS2V;M1MS2V: ay;Steering-Winkel (vertikal);2;ja;nein;ja;nein;$00000000;ja;nein;5;2;rad;mrad;1000;10;DCU-P;;99;3;ja;5903;5902;;0;0.1;ja;5901
5902;ay_Min_M1MS2;M1MS2V;M1MS2V;M1MS2V: ay_min;Minimaler Steeringwinkel;2;nein;ja;ja;nein;$00000000;;nein;5;1;rad;mrad;1000;-10;DCU-P;;0;3;nein;;;;0;0;nein;
5903;ay_Max_M1MS2;M1MS2V;M1MS2V;M1MS2V: ay_max;Maximaler Steeringwinkel;2;nein;ja;ja;nein;$00000000;;nein;5;1;rad;mrad;1000;10;DCU-P;;0;3;nein;;;;0;0;nein;
;kL_M1QD21;M1QD21;M1QD21;M1QD21: kL;k*L (integraler normierter Feldgradient);2;ja;nein;ja;nein;$00000000;ja;nein;5;3;1/m;1/m;1;-1.36;DCU-P;;99;3;ja;5203;5202;;131;0.05;ja;5201
5202;kL_Min_M1QD21;M1QD21;M1QD21;M1QD21: kL_min;dyn. minimales k*L;2;nein;ja;ja;nein;$00000000;nein;nein;5;3;1/m;1/m;1;-4;DCU-P;;0;3;nein;;;;0;0;nein;
5203;kL_Max_M1QD21;M1QD21;M1QD21;M1QD21: kL_max;dyn, maximales k*L;2;nein;ja;ja;nein;$00000000;nein;nein;5;3;1/m;1/m;1;0;DCU-P;;0;3;nein;;;;0;0;nein;
;kL_M1QD22;M1QD22;M1QD22;M1QD22: kL;k*L (integraler normierter Feldgradient);2;ja;nein;ja;nein;$00000000;ja;nein;5;3;1/m;1/m;1;1.36;DCU-P;;99;3;ja;5303;5302;;131;0.05;ja;5301
5302;kL_Min_M1QD22;M1QD22;M1QD22;M1QD22: kL_min;dyn. minimales k*L;2;nein;ja;ja;nein;$00000000;nein;nein;5;3;1/m;1/m;1;0;DCU-P;;0;3;nein;;;;0;0;nein;
5303;kL_Max_M1QD22;M1QD22;M1QD22;M1QD22: kL_max;dyn, maximales k*L;2;nein;ja;ja;nein;$00000000;nein;nein;5;3;1/m;1/m;1;4;DCU-P;;0;3;nein;;;;0;0;nein;
;dax_M1MU2;M1MU2;M1MU2;M1MU2: dax;Korrekturwinkel;2;ja;nein;ja;nein;$00000000;ja;nein;5;2;rad;mrad;1000;-1;DCU-P;;99;3;ja;;;;0;0.1;ja;4701
;dax_fcorr_M1MU2;M1MU2;M1MU2;M1MU2: dax_fcorr;Korrektur integrale Feldlänge;2;ja;nein;ja;nein;$00000000;ja;nein;5;2;rad;mrad;1000;12.5;DCU-P;;99;3;ja;;;;0;0.1;ja;4601
;axgeo_M1MU2;M1MU2;M1MU2;M1MU2: axgeo;Geometrischer Umlenkwinkel;2;ja;nein;ja;nein;$00000000;;nein;5;2;rad;grad;57.2957795;-25;DCU-P;;99;3;ja;;;;0;0.1;ja;4701
;ax_M1MU2;M1MU2;M1MU2;M1MU2: ax;Totaler Umlenkwinkel;2;nein;ja;ja;nein;$00000000;;nein;5;2;rad;mrad;1000;-437;DCU-P;;99;3;ja;4703;4702;;0;0.1;ja;4701
4702;ax_min_M1MU2;M1MU2;M1MU2;M1MU2: ax_min;Minimaler Umlenkwinkel;2;nein;ja;ja;nein;$00000000;;nein;5;0;rad;mrad;1000;-10;DCU-P;;0;3;nein;;;;0;0;nein;
4703;ax_max_M1MU2;M1MU2;M1MU2;M1MU2: ax_max;Maximaler Umlenkwinkel;2;nein;ja;ja;nein;$00000000;;nein;5;0;rad;mrad;1000;10;DCU-P;;0;3;nein;;;;0;0;nein;
;kL_M1QD31;M1QD31;M1QD31;M1QD31: kL;k*L (integraler normierter Feldgradient);2;ja;nein;ja;nein;$00000000;ja;nein;5;3;1/m;1/m;1;-1.36;DCU-P;;99;3;ja;5403;5402;;132;0.05;ja;5401
5402;kL_Min_M1QD31;M1QD31;M1QD31;M1QD31: kL_min;dyn. minimales k*L;2;nein;ja;ja;nein;$00000000;nein;nein;5;3;1/m;1/m;1;-4;DCU-P;;0;3;nein;;;;0;0;nein;
5403;kL_Max_M1QD31;M1QD31;M1QD31;M1QD31: kL_max;dyn, maximales k*L;2;nein;ja;ja;nein;$00000000;nein;nein;5;3;1/m;1/m;1;0;DCU-P;;0;3;nein;;;;0;0;nein;
;kL_M1QD32;M1QD32;M1QD32;M1QD32: kL;k*L (integraler normierter Feldgradient);2;ja;nein;ja;nein;$00000000;ja;nein;5;3;1/m;1/m;1;1.36;DCU-P;;99;3;ja;5503;5502;;132;0.05;ja;5501
5502;kL_Min_M1QD32;M1QD32;M1QD32;M1QD32: kL_min;dyn. minimales k*L;2;nein;ja;ja;nein;$00000000;nein;nein;5;3;1/m;1/m;1;0;DCU-P;;0;3;nein;;;;0;0;nein;
5503;kL_Max_M1QD32;M1QD32;M1QD32;M1QD32: kL_max;dyn, maximales k*L;2;nein;ja;ja;nein;$00000000;nein;nein;5;3;1/m;1/m;1;4;DCU-P;;0;3;nein;;;;0;0;nein;
;ax_M1MS3;M1MS3H;M1MS3H;M1MS3H: ax;Steering-Winkel (horizontal);2;ja;nein;ja;nein;$00000000;;nein;5;2;rad;mrad;1000;10;DCU-P;;99;3;ja;6003;6002;;0;0.1;ja;6001
6002;ax_Min_M1MS3;M1MS3H;M1MS3H;M1MS3H: ax_min;Minimaler Steeringwinkel;2;nein;ja;ja;nein;$00000000;;nein;5;1;rad;mrad;1000;-10;DCU-P;;0;3;nein;;;;0;0;nein;
6003;ax_Max_M1MS3;M1MS3H;M1MS3H;M1MS3H: ax_max;Maximaler Steeringwinkel;2;nein;ja;ja;nein;$00000000;;nein;5;1;rad;mrad;1000;10;DCU-P;;0;3;nein;;;;0;0;nein;
;ay_M1MS3;M1MS3V;M1MS3V;M1MS3V: ay;Steering-Winkel (vertikal);2;ja;nein;ja;nein;$00000000;;nein;5;2;rad;mrad;1000;10;DCU-P;;99;3;ja;6103;6102;;0;0.1;ja;6101
6102;ay_Min_M1MS3;M1MS3V;M1MS3V;M1MS3V: ay_min;Minimaler Steeringwinkel;2;nein;ja;ja;nein;$00000000;;nein;5;1;rad;mrad;1000;-10;DCU-P;;0;3;nein;;;;0;0;nein;
6103;ay_Max_M1MS3;M1MS3V;M1MS3V;M1MS3V: ay_max;Maximaler Steeringwinkel;2;nein;ja;ja;nein;$00000000;;nein;5;1;rad;mrad;1000;10;DCU-P;;0;3;nein;;;;0;0;nein;
;dax_M1MU3;M1MU3;M1MU3;M1MU3: dax;Korrekturwinkel;2;ja;nein;ja;nein;$00000000;;nein;5;2;rad;mrad;1000;2;DCU-P;;99;3;ja;;;;0;0.1;ja;4801
;dax_fcorr_M1MU3;M1MU3;M1MU3;M1MU3: dax_fcorr;Korrektur integrale Feldlänge;2;ja;nein;ja;nein;$00000000;ja;nein;5;2;rad;mrad;1000;12.5;DCU-P;;99;3;ja;;;;0;0.1;ja;4601
;axgeo_M1MU3;M1MU3;M1MU3;M1MU3: axgeo;Geometrischer Umlenkwinkel;2;ja;nein;ja;nein;$00000000;;nein;5;2;rad;grad;57.2957795;-15;DCU-P;;99;3;ja;;;;0;0.1;ja;4801
;ax_M1MU3;M1MU3;M1MU3;M1MU3: ax;Totaler Umlenkwinkel;2;nein;ja;ja;nein;$00000000;;nein;5;2;rad;mrad;1000;-434;DCU-P;;99;3;ja;4803;4802;;0;0.1;ja;4801
4802;ax_min_M1MU3;M1MU3;M1MU3;M1MU3: ax_min;Minimaler Umlenkwinkel;2;nein;ja;ja;nein;$00000000;;nein;5;0;rad;mrad;1000;-10;DCU-P;;0;3;nein;;;;0;0;nein;
4803;ax_max_M1MU3;M1MU3;M1MU3;M1MU3: ax_max;Maximaler Umlenkwinkel;2;nein;ja;ja;nein;$00000000;;nein;5;0;rad;mrad;1000;10;DCU-P;;0;3;nein;;;;0;0;nein;
;axgeo_S0MU1;S0MU1;SYNC_GROUP;S0MU1: axgeo;Geometrischer Umlenkwinkel;3;ja;nein;nein;nein;$00000000;nein;nein;5;2;rad;grad;57.2957795;60;DCU-R;;99;3;nein;;;;0;0;nein;
;ax_S1MU1A_COC_INJ;S1MU1A;SYNC_GROUP;S1MU1A: ax_COC_INJ;Korrekturwinkel Closed-Orbit Injektion;3;ja;nein;ja;nein;$00000000;nein;nein;5;3;rad;mrad;1000;0;DCU-R;;99;3;nein;;;;0;0;nein;
;ax_S1MU1A_COC_EXTR;S1MU1A;SYNC_GROUP;S1MU1A: ax_COC_EXTR;Korrekturwinkel Closed-Orbit Extrakion;3;ja;nein;ja;nein;$00001001;nein;nein;5;3;rad;mrad;1000;0;DCU-R;;99;3;nein;;;;0;0;nein;
;ax_S1MU1A_bump_INJ;S1MU1A;SYNC_GROUP;S1MU1A: ax_bump_INJ;Korrekturwinkel Orbitbeule Injektion;3;ja;nein;ja;nein;$00000000;nein;nein;5;3;rad;mrad;1000;-0.33791345;DCU-R;;99;3;nein;;;;0;0;nein;
;ax_S1MU1A_bump_EXTR;S1MU1A;SYNC_GROUP;S1MU1A: ax_bump_EXTR;Korrekturwinkel Orbitbeule Extraktion;3;ja;nein;ja;nein;$00001001;nein;nein;5;3;rad;mrad;1000;0;DCU-R;;99;3;nein;;;;0;0;nein;
;ax_S1MU1A_ext_INJ;S1MU1A;SYNC_GROUP;S1MU1A: ax_ext_INJ;Externer Korrekturwinkel Injektion;3;ja;nein;ja;nein;$00000000;nein;nein;5;3;rad;mrad;1000;0;DCU-R;;99;3;nein;;;;0;0;nein;
;ax_S1MU1A_ext_EXTR;S1MU1A;SYNC_GROUP;S1MU1A: ax_ext_EXTR;Externer Korrekturwinkel Extraktion;3;ja;nein;ja;nein;$00001001;nein;nein;5;3;rad;mrad;1000;0;DCU-R;;99;3;nein;;;;0;0;nein;
;ax_S2MU1A_COC_INJ;S2MU1A;SYNC_GROUP;S2MU1A: ax_COC_INJ;Korrekturwinkel Closed-Orbit Injektion;3;ja;nein;ja;nein;$00000000;nein;nein;5;3;rad;mrad;1000;0;DCU-R;;99;3;nein;;;;0;0;nein;
;ax_S2MU1A_COC_EXTR;S2MU1A;SYNC_GROUP;S2MU1A: ax_COC_EXTR;Korrekturwinkel Closed-Orbit Extrakion;3;ja;nein;ja;nein;$00001001;nein;nein;5;3;rad;mrad;1000;0;DCU-R;;99;3;nein;;;;0;0;nein;
;ax_S2MU1A_bump_INJ;S2MU1A;SYNC_GROUP;S2MU1A: ax_bump_INJ;Korrekturwinkel Orbitbeule Injektion;3;ja;nein;ja;nein;$00000000;nein;nein;5;3;rad;mrad;1000;-1.6332755;DCU-R;;99;3;nein;;;;0;0;nein;
;ax_S2MU1A_bump_EXTR;S2MU1A;SYNC_GROUP;S2MU1A: ax_bump_EXTR;Korrekturwinkel Orbitbeule Extraktion;3;ja;nein;ja;nein;$00001001;nein;nein;5;3;rad;mrad;1000;0;DCU-R;;99;3;nein;;;;0;0;nein;
;ax_S2MU1A_ext_INJ;S2MU1A;SYNC_GROUP;S2MU1A: ax_ext_INJ;Externer Korrekturwinkel Injektion;3;ja;nein;ja;nein;$00000000;nein;nein;5;3;rad;mrad;1000;0;DCU-R;;99;3;nein;;;;0;0;nein;
;ax_S2MU1A_ext_EXTR;S2MU1A;SYNC_GROUP;S2MU1A: ax_ext_EXTR;Externer Korrekturwinkel Extraktion;3;ja;nein;ja;nein;$00001001;nein;nein;5;3;rad;mrad;1000;0;DCU-R;;99;3;nein;;;;0;0;nein;
;ax_S3MU1A_COC_INJ;S3MU1A;SYNC_GROUP;S3MU1A: ax_COC_INJ;Korrekturwinkel Closed-Orbit Injektion;3;ja;nein;ja;nein;$00000000;nein;nein;5;3;rad;mrad;1000;0;DCU-R;;99;3;nein;;;;0;0;nein;
;ax_S3MU1A_COC_EXTR;S3MU1A;SYNC_GROUP;S3MU1A: ax_COC_EXTR;Korrekturwinkel Closed-Orbit Extrakion;3;ja;nein;ja;nein;$00001001;nein;nein;5;3;rad;mrad;1000;0;DCU-R;;99;3;nein;;;;0;0;nein;
;ax_S3MU1A_bump_INJ;S3MU1A;SYNC_GROUP;S3MU1A: ax_bump_INJ;Korrekturwinkel Orbitbeule Injektion;3;ja;nein;ja;nein;$00000000;nein;nein;5;3;rad;mrad;1000;0;DCU-R;;99;3;nein;;;;0;0;nein;
;ax_S3MU1A_bump_EXTR;S3MU1A;SYNC_GROUP;S3MU1A: ax_bump_EXTR;Korrekturwinkel Orbitbeule Extraktion;3;ja;nein;ja;nein;$00001001;nein;nein;5;3;rad;mrad;1000;0;DCU-R;;99;3;nein;;;;0;0;nein;
;ax_S3MU1A_ext_INJ;S3MU1A;SYNC_GROUP;S3MU1A: ax_ext_INJ;Externer Korrekturwinkel Injektion;3;ja;nein;ja;nein;$00000000;nein;nein;5;3;rad;mrad;1000;0;DCU-R;;99;3;nein;;;;0;0;nein;
;ax_S3MU1A_ext_EXTR;S3MU1A;SYNC_GROUP;S3MU1A: ax_ext_EXTR;Externer Korrekturwinkel Extraktion;3;ja;nein;ja;nein;$00001001;nein;nein;5;3;rad;mrad;1000;0;DCU-R;;99;3;nein;;;;0;0;nein;
;ax_S4MU1A_COC_INJ;S4MU1A;SYNC_GROUP;S4MU1A: ax_COC_INJ;Korrekturwinkel Closed-Orbit Injektion;3;ja;nein;ja;nein;$00000000;nein;nein;5;3;rad;mrad;1000;0;DCU-R;;99;3;nein;;;;0;0;nein;
;ax_S4MU1A_COC_EXTR;S4MU1A;SYNC_GROUP;S4MU1A: ax_COC_EXTR;Korrekturwinkel Closed-Orbit Extrakion;3;ja;nein;ja;nein;$00001001;nein;nein;5;3;rad;mrad;1000;0;DCU-R;;99;3;nein;;;;0;0;nein;
;ax_S4MU1A_bump_INJ;S4MU1A;SYNC_GROUP;S4MU1A: ax_bump_INJ;Korrekturwinkel Orbitbeule Injektion;3;ja;nein;ja;nein;$00000000;nein;nein;5;3;rad;mrad;1000;0;DCU-R;;99;3;nein;;;;0;0;nein;
;ax_S4MU1A_bump_EXTR;S4MU1A;SYNC_GROUP;S4MU1A: ax_bump_EXTR;Korrekturwinkel Orbitbeule Extraktion;3;ja;nein;ja;nein;$00001001;nein;nein;5;3;rad;mrad;1000;0;DCU-R;;99;3;nein;;;;0;0;nein;
;ax_S4MU1A_ext_INJ;S4MU1A;SYNC_GROUP;S4MU1A: ax_ext_INJ;Externer Korrekturwinkel Injektion;3;ja;nein;ja;nein;$00000000;nein;nein;5;3;rad;mrad;1000;0;DCU-R;;99;3;nein;;;;0;0;nein;
;ax_S4MU1A_ext_EXTR;S4MU1A;SYNC_GROUP;S4MU1A: ax_ext_EXTR;Externer Korrekturwinkel Extraktion;3;ja;nein;ja;nein;$00001001;nein;nein;5;3;rad;mrad;1000;0;DCU-R;;99;3;nein;;;;0;0;nein;
;ax_S5MU1A_COC_INJ;S5MU1A;SYNC_GROUP;S5MU1A: ax_COC_INJ;Korrekturwinkel Closed-Orbit Injektion;3;ja;nein;ja;nein;$00000000;nein;nein;5;3;rad;mrad;1000;0;DCU-R;;99;3;nein;;;;0;0;nein;
;ax_S5MU1A_COC_EXTR;S5MU1A;SYNC_GROUP;S5MU1A: ax_COC_EXTR;Korrekturwinkel Closed-Orbit Extrakion;3;ja;nein;ja;nein;$00001001;nein;nein;5;3;rad;mrad;1000;0;DCU-R;;99;3;nein;;;;0;0;nein;
;ax_S5MU1A_bump_INJ;S5MU1A;SYNC_GROUP;S5MU1A: ax_bump_INJ;Korrekturwinkel Orbitbeule Injektion;3;ja;nein;ja;nein;$00000000;nein;nein;5;3;rad;mrad;1000;0.85589689;DCU-R;;99;3;nein;;;;0;0;nein;
;ax_S5MU1A_bump_EXTR;S5MU1A;SYNC_GROUP;S5MU1A: ax_bump_EXTR;Korrekturwinkel Orbitbeule Extraktion;3;ja;nein;ja;nein;$00001001;nein;nein;5;3;rad;mrad;1000;0;DCU-R;;99;3;nein;;;;0;0;nein;
;ax_S5MU1A_ext_INJ;S5MU1A;SYNC_GROUP;S5MU1A: ax_ext_INJ;Externer Korrekturwinkel Injektion;3;ja;nein;ja;nein;$00000000;nein;nein;5;3;rad;mrad;1000;0;DCU-R;;99;3;nein;;;;0;0;nein;
;ax_S5MU1A_ext_EXTR;S5MU1A;SYNC_GROUP;S5MU1A: ax_ext_EXTR;Externer Korrekturwinkel Extraktion;3;ja;nein;ja;nein;$00001001;nein;nein;5;3;rad;mrad;1000;0;DCU-R;;99;3;nein;;;;0;0;nein;
;ax_S6MU1A_COC_INJ;S6MU1A;SYNC_GROUP;S6MU1A: ax_COC_INJ;Korrekturwinkel Closed-Orbit Injektion;3;ja;nein;ja;nein;$00000000;nein;nein;5;3;rad;mrad;1000;0;DCU-R;;99;3;nein;;;;0;0;nein;
;ax_S6MU1A_COC_EXTR;S6MU1A;SYNC_GROUP;S6MU1A: ax_COC_EXTR;Korrekturwinkel Closed-Orbit Extrakion;3;ja;nein;ja;nein;$00001001;nein;nein;5;3;rad;mrad;1000;0;DCU-R;;99;3;nein;;;;0;0;nein;
;ax_S6MU1A_bump_INJ;S6MU1A;SYNC_GROUP;S6MU1A: ax_bump_INJ;Korrekturwinkel Orbitbeule Injektion;3;ja;nein;ja;nein;$00000000;nein;nein;5;3;rad;mrad;1000;-0.75629044;DCU-R;;99;3;nein;;;;0;0;nein;
;ax_S6MU1A_bump_EXTR;S6MU1A;SYNC_GROUP;S6MU1A: ax_bump_EXTR;Korrekturwinkel Orbitbeule Extraktion;3;ja;nein;ja;nein;$00001001;nein;nein;5;3;rad;mrad;1000;0;DCU-R;;99;3;nein;;;;0;0;nein;
;ax_S6MU1A_ext_INJ;S6MU1A;SYNC_GROUP;S6MU1A: ax_ext_INJ;Externer Korrekturwinkel Injektion;3;ja;nein;ja;nein;$00000000;nein;nein;5;3;rad;mrad;1000;0;DCU-R;;99;3;nein;;;;0;0;nein;
;ax_S6MU1A_ext_EXTR;S6MU1A;SYNC_GROUP;S6MU1A: ax_ext_EXTR;Externer Korrekturwinkel Extraktion;3;ja;nein;ja;nein;$00001001;nein;nein;5;3;rad;mrad;1000;0;DCU-R;;99;3;nein;;;;0;0;nein;
;ax_S1MS1V_COC_INJ;S1MS1V;SYNC_GROUP;S1MS1V: ax_COC_INJ;Korrekturwinkel Closed-Orbit Injektion;3;ja;nein;ja;nein;$00000000;nein;nein;5;3;rad;mrad;1000;0;DCU-R;;99;3;nein;;;;0;0;nein;
;ax_S1MS1V_COC_EXTR;S1MS1V;SYNC_GROUP;S1MS1V: ax_COC_EXTR;Korrekturwinkel Closed-Orbit Extrakion;3;ja;nein;ja;nein;$00001001;nein;nein;5;3;rad;mrad;1000;0;DCU-R;;99;3;nein;;;;0;0;nein;
;ax_S1MS1V_ext_INJ;S1MS1V;SYNC_GROUP;S1MS1V: ax_ext_INJ;Externer Korrekturwinkel Injektion;3;ja;nein;ja;nein;$00000000;nein;nein;5;3;rad;mrad;1000;0;DCU-R;;99;3;nein;;;;0;0;nein;
;ax_S1MS1V_ext_EXTR;S1MS1V;SYNC_GROUP;S1MS1V: ax_ext_EXTR;Externer Korrekturwinkel Extraktion;3;ja;nein;ja;nein;$00001001;nein;nein;5;3;rad;mrad;1000;0;DCU-R;;99;3;nein;;;;0;0;nein;
;ax_S1MS1V_bump_DUMP;S1MS1V;SYNC_GROUP;S1MS1V: ax_bump_DUMP;Korrekturwinkel Orbitbeule Strahlvernichtung;3;ja;nein;ja;nein;$00001001;nein;nein;5;3;rad;mrad;1000;4.039;DCU-R;;99;3;nein;;;;0;0;nein;
;ax_S2MS1V_COC_INJ;S2MS1V;SYNC_GROUP;S2MS1V: ax_COC_INJ;Korrekturwinkel Closed-Orbit Injektion;3;ja;nein;ja;nein;$00000000;nein;nein;5;3;rad;mrad;1000;0;DCU-R;;99;3;nein;;;;0;0;nein;
;ax_S2MS1V_COC_EXTR;S2MS1V;SYNC_GROUP;S2MS1V: ax_COC_EXTR;Korrekturwinkel Closed-Orbit Extrakion;3;ja;nein;ja;nein;$00001001;nein;nein;5;3;rad;mrad;1000;0;DCU-R;;99;3;nein;;;;0;0;nein;
;ax_S2MS1V_ext_INJ;S2MS1V;SYNC_GROUP;S2MS1V: ax_ext_INJ;Externer Korrekturwinkel Injektion;3;ja;nein;ja;nein;$00000000;nein;nein;5;3;rad;mrad;1000;0;DCU-R;;99;3;nein;;;;0;0;nein;
;ax_S2MS1V_ext_EXTR;S2MS1V;SYNC_GROUP;S2MS1V: ax_ext_EXTR;Externer Korrekturwinkel Extraktion;3;ja;nein;ja;nein;$00001001;nein;nein;5;3;rad;mrad;1000;0;DCU-R;;99;3;nein;;;;0;0;nein;
;ax_S2MS1V_bump_DUMP;S2MS1V;SYNC_GROUP;S2MS1V: ax_bump_DUMP;Korrekturwinkel Orbitbeule Strahlvernichtung;3;ja;nein;ja;nein;$00001001;nein;nein;5;3;rad;mrad;1000;0;DCU-R;;99;3;nein;;;;0;0;nein;
;ax_S3MS1V_COC_INJ;S3MS1V;SYNC_GROUP;S3MS1V: ax_COC_INJ;Korrekturwinkel Closed-Orbit Injektion;3;ja;nein;ja;nein;$00000000;nein;nein;5;3;rad;mrad;1000;0;DCU-R;;99;3;nein;;;;0;0;nein;
;ax_S3MS1V_COC_EXTR;S3MS1V;SYNC_GROUP;S3MS1V: ax_COC_EXTR;Korrekturwinkel Closed-Orbit Extrakion;3;ja;nein;ja;nein;$00001001;nein;nein;5;3;rad;mrad;1000;0;DCU-R;;99;3;nein;;;;0;0;nein;
;ax_S3MS1V_ext_INJ;S3MS1V;SYNC_GROUP;S3MS1V: ax_ext_INJ;Externer Korrekturwinkel Injektion;3;ja;nein;ja;nein;$00000000;nein;nein;5;3;rad;mrad;1000;0;DCU-R;;99;3;nein;;;;0;0;nein;
;ax_S3MS1V_ext_EXTR;S3MS1V;SYNC_GROUP;S3MS1V: ax_ext_EXTR;Externer Korrekturwinkel Extraktion;3;ja;nein;ja;nein;$00001001;nein;nein;5;3;rad;mrad;1000;0;DCU-R;;99;3;nein;;;;0;0;nein;
;ax_S3MS1V_bump_DUMP;S3MS1V;SYNC_GROUP;S3MS1V: ax_bump_DUMP;Korrekturwinkel Orbitbeule Strahlvernichtung;3;ja;nein;ja;nein;$00001001;nein;nein;5;3;rad;mrad;1000;0;DCU-R;;99;3;nein;;;;0;0;nein;
;ax_S4MS1V_COC_INJ;S4MS1V;SYNC_GROUP;S4MS1V: ax_COC_INJ;Korrekturwinkel Closed-Orbit Injektion;3;ja;nein;ja;nein;$00000000;nein;nein;5;3;rad;mrad;1000;0;DCU-R;;99;3;nein;;;;0;0;nein;
;ax_S4MS1V_COC_EXTR;S4MS1V;SYNC_GROUP;S4MS1V: ax_COC_EXTR;Korrekturwinkel Closed-Orbit Extrakion;3;ja;nein;ja;nein;$00001001;nein;nein;5;3;rad;mrad;1000;0;DCU-R;;99;3;nein;;;;0;0;nein;
;ax_S4MS1V_ext_INJ;S4MS1V;SYNC_GROUP;S4MS1V: ax_ext_INJ;Externer Korrekturwinkel Injektion;3;ja;nein;ja;nein;$00000000;nein;nein;5;3;rad;mrad;1000;0;DCU-R;;99;3;nein;;;;0;0;nein;
;ax_S4MS1V_ext_EXTR;S4MS1V;SYNC_GROUP;S4MS1V: ax_ext_EXTR;Externer Korrekturwinkel Extraktion;3;ja;nein;ja;nein;$00001001;nein;nein;5;3;rad;mrad;1000;0;DCU-R;;99;3;nein;;;;0;0;nein;
;ax_S4MS1V_bump_DUMP;S4MS1V;SYNC_GROUP;S4MS1V: ax_bump_DUMP;Korrekturwinkel Orbitbeule Strahlvernichtung;3;ja;nein;ja;nein;$00001001;nein;nein;5;3;rad;mrad;1000;0;DCU-R;;99;3;nein;;;;0;0;nein;
;ax_S5MS1V_COC_INJ;S5MS1V;SYNC_GROUP;S5MS1V: ax_COC_INJ;Korrekturwinkel Closed-Orbit Injektion;3;ja;nein;ja;nein;$00000000;nein;nein;5;3;rad;mrad;1000;0;DCU-R;;99;3;nein;;;;0;0;nein;
;ax_S5MS1V_COC_EXTR;S5MS1V;SYNC_GROUP;S5MS1V: ax_COC_EXTR;Korrekturwinkel Closed-Orbit Extrakion;3;ja;nein;ja;nein;$00001001;nein;nein;5;3;rad;mrad;1000;0;DCU-R;;99;3;nein;;;;0;0;nein;
;ax_S5MS1V_ext_INJ;S5MS1V;SYNC_GROUP;S5MS1V: ax_ext_INJ;Externer Korrekturwinkel Injektion;3;ja;nein;ja;nein;$00000000;nein;nein;5;3;rad;mrad;1000;0;DCU-R;;99;3;nein;;;;0;0;nein;
;ax_S5MS1V_ext_EXTR;S5MS1V;SYNC_GROUP;S5MS1V: ax_ext_EXTR;Externer Korrekturwinkel Extraktion;3;ja;nein;ja;nein;$00001001;nein;nein;5;3;rad;mrad;1000;0;DCU-R;;99;3;nein;;;;0;0;nein;
;ax_S5MS1V_bump_DUMP;S5MS1V;SYNC_GROUP;S5MS1V: ax_bump_DUMP;Korrekturwinkel Orbitbeule Strahlvernichtung;3;ja;nein;ja;nein;$00001001;nein;nein;5;3;rad;mrad;1000;2.691;DCU-R;;99;3;nein;;;;0;0;nein;
;ax_S6MS1V_COC_INJ;S6MS1V;SYNC_GROUP;S6MS1V: ax_COC_INJ;Korrekturwinkel Closed-Orbit Injektion;3;ja;nein;ja;nein;$00000000;nein;nein;5;3;rad;mrad;1000;0;DCU-R;;99;3;nein;;;;0;0;nein;
;ax_S6MS1V_COC_EXTR;S6MS1V;SYNC_GROUP;S6MS1V: ax_COC_EXTR;Korrekturwinkel Closed-Orbit Extrakion;3;ja;nein;ja;nein;$00001001;nein;nein;5;3;rad;mrad;1000;0;DCU-R;;99;3;nein;;;;0;0;nein;
;ax_S6MS1V_ext_INJ;S6MS1V;SYNC_GROUP;S6MS1V: ax_ext_INJ;Externer Korrekturwinkel Injektion;3;ja;nein;ja;nein;$00000000;nein;nein;5;3;rad;mrad;1000;0;DCU-R;;99;3;nein;;;;0;0;nein;
;ax_S6MS1V_ext_EXTR;S6MS1V;SYNC_GROUP;S6MS1V: ax_ext_EXTR;Externer Korrekturwinkel Extraktion;3;ja;nein;ja;nein;$00001001;nein;nein;5;3;rad;mrad;1000;0;DCU-R;;99;3;nein;;;;0;0;nein;
;ax_S6MS1V_bump_DUMP;S6MS1V;SYNC_GROUP;S6MS1V: ax_bump_DUMP;Korrekturwinkel Orbitbeule Strahlvernichtung;3;ja;nein;ja;nein;$00001001;nein;nein;5;3;rad;mrad;1000;1.783;DCU-R;;99;3;nein;;;;0;0;nein;
;ax_flat_SxMBy;;SYNC_GROUP;SxMBy: ax_flat;Winkel zur Bestimmung des |Flattopstroms der Bumpe;3;ja;nein;ja;nein;$00000000;nein;nein;5;2;rad;mrad;1000;-12;;;99;3;nein;;;;0;0;nein;
;ax_S6MB1;S6MB1;SYNC_GROUP;S6MB1: ax;Korrekturwinkel (nur Verhältnis relevant!);3;ja;nein;ja;nein;$00000000;nein;nein;5;2;rad;mrad;1000;-5.2838773;DCU-RB;;99;3;nein;;;;0;0;nein;
;ax_S6MB1_IPuls;S6MB1;SYNC_GROUP;S6MB1: ax_IPuls;Korrekturwinkel  am Referenzpunkt Injektionspuls;3;nein;ja;ja;nein;$00000020;nein;nein;5;2;rad;mrad;1000;;DCU-RB;;0;3;nein;;;;0;0;nein;
;ax_S1MB2;S1MB2;SYNC_GROUP;S1MB2: ax;Korrekturwinkel (nur Verhältnis relevant!);3;ja;nein;ja;nein;$00000000;nein;nein;5;2;rad;mrad;1000;-4.7587614;DCU-RB;;99;3;nein;;;;0;0;nein;
;ax_S1MB2_IPuls;S1MB2;SYNC_GROUP;S1MB2: ax_IPuls;Korrekturwinkel  am Referenzpunkt Injektionspuls;3;nein;ja;ja;nein;$00000020;nein;nein;5;2;rad;mrad;1000;;DCU-RB;;0;3;nein;;;;0;0;nein;
;ax_S2MB3;S2MB3;SYNC_GROUP;S2MB3: ax;Korrekturwinkel (nur Verhältnis relevant!);3;ja;nein;ja;nein;$00000000;nein;nein;5;2;rad;mrad;1000;-9.4067621;DCU-RB;;99;3;nein;;;;0;0;nein;
;ax_S2MB3_IPuls;S2MB3;SYNC_GROUP;S2MB3: ax_IPuls;Korrekturwinkel  am Referenzpunkt Injektionspuls;3;nein;ja;ja;nein;$00000020;nein;nein;5;2;rad;mrad;1000;;DCU-RB;;0;3;nein;;;;0;0;nein;
;A_Target_DIC;S1BO1HK;SYNC_GROUP;S1BO1HK: A_Target;Massenzahl der Gas-Teilchen;3;ja;nein;nein;nein;$00000000;nein;nein;5;3;u;u;1;40;DIC;;99;7;nein;;;;0;0;nein;
;Z_Target_DIC;S1BO1HK;SYNC_GROUP;S1BO1HK: Z_Target;Ladungszahl der Gas-Teilchen;3;ja;nein;nein;nein;$00000000;nein;nein;7;;;;1;18;DIC;;99;7;nein;;;;0;0;nein;
;dax_S1ME1I;S1ME1I;S1ME1I;S1ME1I: dax;Korrekturwinkel;3;ja;nein;ja;nein;$00000000;nein;nein;5;3;rad;mrad;1000;-5;DCU-P;;99;3;ja;;;;0;0;nein;
;axgeo_S1ME1I;S1ME1I;S1ME1I;S1ME1I: axgeo;Geometrischer Ablenkwinkel;3;ja;nein;ja;nein;$00000000;nein;nein;5;3;rad;mrad;1000;-87.2665;DCU-P;;99;3;nein;;;;0;0;nein;
;ax_S1ME1I;S1ME1I;S1ME1I;S1ME1I: ax;Gesamter Ablenkwinkel;3;nein;ja;ja;nein;$00000020;nein;nein;5;3;rad;mrad;1000;;DCU-P;;0;3;nein;19101;19100;;0;0;nein;
19100;ax_min_S1ME1I;S1ME1I;S1ME1I;S1ME1I: ax_min;Minimaler Ablenkwinkel;3;nein;ja;ja;nein;$00000000;nein;nein;5;3;rad;mrad;1000;-110;DCU-P;;99;3;nein;;;;0;0;nein;
19101;ax_max_S1ME1I;S1ME1I;S1ME1I;S1ME1I: ax_max;Maximaler Ablenkwinkel;3;nein;ja;ja;nein;$00000000;nein;nein;5;3;rad;mrad;1000;0;DCU-P;;99;3;nein;;;;0;0;nein;
;ax_S3ME2E;S3ME2E;S3ME2E;S3ME2E: ax;Korrekturwinkel;3;ja;nein;ja;nein;$00001001;nein;nein;5;3;rad;mrad;1000;-5;DCU-P;;99;3;ja;19201;19200;;0;0;nein;
19200;ax_min_S3ME2E;S3ME2E;S3ME2E;S3ME2E: ax_min;Minimaler Korrekturwinkel;3;nein;ja;ja;nein;$00000000;nein;nein;5;3;rad;mrad;1000;-6;DCU-P;;99;3;nein;;;;0;0;nein;
19201;ax_max_S3ME2E;S3ME2E;S3ME2E;S3ME2E: ax_max;Maximaler Korrekturwinkel;3;nein;ja;ja;nein;$00000000;nein;nein;5;3;rad;mrad;1000;0;DCU-P;;99;3;nein;;;;0;0;nein;
;axgeo_S4MU1E;S4MU1E;S4MU1E;S4MU1E: axgeo;Geometrischer Umlenkwinkel;3;ja;nein;nein;nein;$00000000;nein;nein;5;3;rad;grad;57.2957795;-6.5;DCU-R;;99;3;nein;;;;0;0;nein;
;dax_S4MU1E;S4MU1E;S4MU1E;S4MU1E: dax;Korrekturwinkel;3;ja;nein;ja;nein;$00001001;nein;nein;5;3;rad;mrad;1000;0;DCU-R;;99;3;nein;;;;0;0;nein;
;ax_S4MU1E;S4MU1E;S4MU1E;S4MU1E: ax;Gesamter Ablenkwinkel;3;nein;ja;ja;nein;$00001020;nein;nein;5;3;rad;rad;1;;DCU-R;;0;3;nein;;;;0;0;nein;
;axgeo_S4MU2E;S4MU1E;S4MU1E;S4MU2E: axgeo;Geometrischer Umlenkwinkel;3;ja;nein;nein;nein;$00000000;nein;nein;5;3;rad;grad;57.2957795;-13.5;;;99;3;nein;;;;0;0;nein;
;dax_S4MU2E;S4MU1E;S4MU1E;S4MU2E: dax;Fehlerwinkel durch Serienbetrieb;3;nein;ja;ja;nein;$00001020;nein;nein;5;3;rad;mrad;1000;;;;99;3;nein;;;;0;0;nein;
;ay_H1MS1;H1MS1V;H1MS1V;H1MS1V: ay;Steering-Winkel (vertikal);3;ja;nein;ja;nein;$00001001;ja;nein;5;3;rad;mrad;1000;0;DCU-P;;99;3;ja;20003;20002;;0;0.1;nein;20001
20002;ay_Min_H1MS1;H1MS1V;H1MS1V;H1MS1V: ay_min;Minimaler Steeringwinkel;3;nein;ja;ja;nein;$00000000;nein;nein;5;0;rad;mrad;1000;-50;DCU-P;;0;3;nein;;;;0;0;nein;
20003;ay_Max_H1MS1;H1MS1V;H1MS1V;H1MS1V: ay_max;Maximaler Steeringwinkel;3;nein;ja;ja;nein;$00000000;nein;nein;5;0;rad;mrad;1000;50;DCU-P;;0;3;nein;;;;0;0;nein;
;kL_H1QD11;H1QD11;H1QD11;H1QD11: kL;k*L (integraler normierter Feldgradient);3;ja;nein;ja;nein;$00000400;ja;nein;5;3;1/m;1/m;1;-0.1332;DCU-P;;99;3;ja;20013;20012;;500;0.05;nein;20011
20012;kL_Min_H1QD11;H1QD11;H1QD11;H1QD11: kL_min;dyn. minimales k*L;3;nein;ja;ja;nein;$00000000;nein;nein;5;3;1/m;1/m;1;-2;DCU-P;;0;3;nein;;;;0;0;nein;
20013;kL_Max_H1QD11;H1QD11;H1QD11;H1QD11: kL_max;dyn, maximales k*L;3;nein;ja;ja;nein;$00000000;nein;nein;5;3;1/m;1/m;1;0;DCU-P;;0;3;nein;;;;0;0;nein;
;kL_H1QD12;H1QD12;H1QD12;H1QD12: kL;k*L (integraler normierter Feldgradient);3;ja;nein;ja;nein;$00001401;ja;nein;5;3;1/m;1/m;1;0.1743;DCU-P;;99;3;ja;20023;20022;;500;0.05;nein;20021
20022;kL_Min_H1QD12;H1QD12;H1QD12;H1QD12: kL_min;dyn. minimales k*L;3;nein;ja;ja;nein;$00000000;nein;nein;5;3;1/m;1/m;1;0;DCU-P;;0;3;nein;;;;0;0;nein;
20023;kL_Max_H1QD12;H1QD12;H1QD12;H1QD12: kL_max;dyn, maximales k*L;3;nein;ja;ja;nein;$00000000;nein;nein;5;3;1/m;1/m;1;2;DCU-P;;0;3;nein;;;;0;0;nein;
;ax_H1MS2;H1MS2H;H1MS2H;H1MS2H: ax;Steering-Winkel (horizontal);3;ja;nein;ja;nein;$00001001;ja;nein;5;2;rad;mrad;1000;7;DCU-P;;99;3;ja;20033;20032;;510;0.1;nein;20031
20032;ax_Min_H1MS2;H1MS2H;H1MS2H;H1MS2H: ax_min;Minimaler Steeringwinkel;3;nein;ja;ja;nein;$00000000;nein;nein;5;0;rad;mrad;1000;-50;DCU-P;;0;3;nein;;;;0;0;nein;
20033;ax_Max_H1MS2;H1MS2H;H1MS2H;H1MS2H: ax_max;Maximaler Steeringwinkel;3;nein;ja;ja;nein;$00000000;nein;nein;5;0;rad;mrad;1000;50;DCU-P;;0;3;nein;;;;0;0;nein;
;ax_H1MB1;H1MB1;H1MB1;H1MB1: ax;Steering-Winkel (horizontal links);3;ja;nein;ja;nein;$00001001;ja;nein;5;3;rad;mrad;1000;-14;DCU-P;;99;3;ja;20043;20042;;510;0.1;nein;20041
20042;ax_Min_H1MB1;H1MB1;H1MB1;H1MB1: ax_min;Minimaler Steeringwinkel;3;nein;ja;ja;nein;$00000000;nein;nein;5;0;rad;mrad;1000;-15;DCU-P;;0;3;nein;;;;0;0;nein;
20043;ax_Max_H1MB1;H1MB1;H1MB1;H1MB1: ax_max;Maximaler Steeringwinkel;3;nein;ja;ja;nein;$00000000;nein;nein;5;0;rad;mrad;1000;0;DCU-P;;0;3;nein;;;;0;0;nein;
;ax_H1MS3;H1MS3H;H1MS3H;H1MS3H: ax;Steering-Winkel (horizontal);3;ja;nein;ja;nein;$00001001;ja;nein;5;2;rad;mrad;1000;7;DCU-P;;99;3;ja;20053;20052;;510;0.1;nein;20051
20052;ax_Min_H1MS3;H1MS3H;H1MS3H;H1MS3H: ax_min;Minimaler Steeringwinkel;3;nein;ja;ja;nein;$00000000;nein;nein;5;0;rad;mrad;1000;-50;DCU-P;;0;3;nein;;;;0;0;nein;
20053;ax_Max_H1MS3;H1MS3H;H1MS3H;H1MS3H: ax_max;Maximaler Steeringwinkel;3;nein;ja;ja;nein;$00000000;nein;nein;5;0;rad;mrad;1000;50;DCU-P;;0;3;nein;;;;0;0;nein;
;ay_H1MS4;H1MS4V;H1MS4V;H1MS4V: ay;Steering-Winkel (vertikal);3;ja;nein;ja;nein;$00001401;ja;nein;5;3;rad;mrad;1000;0;DCU-P;;99;3;ja;20063;20062;;0;0.1;nein;20061
20062;ay_Min_H1MS4;H1MS4V;H1MS4V;H1MS4V: ay_min;Minimaler Steeringwinkel;3;nein;ja;ja;nein;$00000000;nein;nein;5;0;rad;mrad;1000;-50;DCU-P;;0;3;nein;;;;0;0;nein;
20063;ay_Max_H1MS4;H1MS4V;H1MS4V;H1MS4V: ay_max;Maximaler Steeringwinkel;3;nein;ja;ja;nein;$00000000;nein;nein;5;0;rad;mrad;1000;50;DCU-P;;0;3;nein;;;;0;0;nein;
;dax_B1MU1;B1MU1;B1MU1;B1MU1: dax;Korrekturwinkel;3;ja;nein;ja;nein;$00001001;;nein;5;2;rad;mrad;1000;0;DCU-P;;99;3;ja;;;;0;0.1;nein;20071
;axgeo_B1MU1;B1MU1;B1MU1;B1MU1: axgeo;Geometrischer Umlenkwinkel;3;ja;nein;ja;nein;$00000000;;nein;5;2;rad;grad;57.2957795;45;DCU-P;;99;3;ja;;;;0;0.01;ja;20071
;ax_B1MU1;B1MU1;B1MU1;B1MU1: ax;Totaler Umlenkwinkel;3;nein;ja;ja;nein;$00000000;;nein;5;2;rad;mrad;1000;2580;DCU-P;;99;3;ja;20073;20072;;0;0.01;ja;
20072;ax_min_B1MU1;B1MU1;B1MU1;B1MU1: ax_min;Minimaler Umlenkwinkel;3;nein;ja;ja;nein;$00000000;;nein;5;0;rad;mrad;1000;0;DCU-P;;0;3;nein;;;;0;0;nein;
20073;ax_max_B1MU1;B1MU1;B1MU1;B1MU1: ax_max;Maximaler Umlenkwinkel;3;nein;ja;ja;nein;$00000000;;nein;5;0;rad;mrad;1000;3000;DCU-P;;0;3;nein;;;;0;0;nein;
;kL_B1QD11;B1QD11;B1QD11;B1QD11: kL;k*L (integraler normierter Feldgradient);3;ja;nein;ja;nein;$00000000;ja;nein;5;3;1/m;1/m;1;0.4316;DCU-P;;99;3;ja;20103;20102;;520;0.05;nein;20101
20102;kL_Min_B1QD11;B1QD11;B1QD11;B1QD11: kL_min;dyn. minimales k*L;3;nein;ja;ja;nein;$00000000;nein;nein;5;3;1/m;1/m;1;0;DCU-P;;0;3;nein;;;;0;0;nein;
20103;kL_Max_B1QD11;B1QD11;B1QD11;B1QD11: kL_max;dyn, maximales k*L;3;nein;ja;ja;nein;$00000000;nein;nein;5;3;1/m;1/m;1;2;DCU-P;;0;3;nein;;;;0;0;nein;
;kL_B1QD12;B1QD12;B1QD12;B1QD12: kL;k*L (integraler normierter Feldgradient);3;ja;nein;ja;nein;$00000000;ja;nein;5;3;1/m;1/m;1;-0.7102;DCU-P;;99;3;ja;20113;20112;;520;0.05;nein;20111
20112;kL_Min_B1QD12;B1QD12;B1QD12;B1QD12: kL_min;dyn. minimales k*L;3;nein;ja;ja;nein;$00000000;nein;nein;5;3;1/m;1/m;1;-2;DCU-P;;0;3;nein;;;;0;0;nein;
20113;kL_Max_B1QD12;B1QD12;B1QD12;B1QD12: kL_max;dyn, maximales k*L;3;nein;ja;ja;nein;$00000000;nein;nein;5;3;1/m;1/m;1;0;DCU-P;;0;3;nein;;;;0;0;nein;
;dax_B1MU2;B1MU2;B1MU2;B1MU2: dax;Korrekturwinkel;3;ja;nein;ja;nein;$00001001;;nein;5;2;rad;mrad;1000;0;DCU-P;;99;3;ja;;;;0;0.1;nein;20121
;axgeo_B1MU2;B1MU2;B1MU2;B1MU2: axgeo;Geometrischer Umlenkwinkel;3;ja;nein;ja;nein;$00000000;;nein;5;2;rad;grad;57.2957795;45;DCU-P;;99;3;ja;;;;0;0.01;ja;20121
;ax_B1MU2;B1MU2;B1MU2;B1MU2: ax;Totaler Umlenkwinkel;3;nein;ja;ja;nein;$00000000;;nein;5;2;rad;mrad;1000;2580;DCU-P;;99;3;ja;20123;20122;;0;0.01;ja;
20122;ax_min_B1MU2;B1MU2;B1MU2;B1MU2: ax_min;Minimaler Umlenkwinkel;3;nein;ja;ja;nein;$00000000;;nein;5;0;rad;mrad;1000;0;DCU-P;;0;3;nein;;;;0;0;nein;
20123;ax_max_B1MU2;B1MU2;B1MU2;B1MU2: ax_max;Maximaler Umlenkwinkel;3;nein;ja;ja;nein;$00000000;;nein;5;0;rad;mrad;1000;3000;DCU-P;;0;3;nein;;;;0;0;nein;
;ax_B1MS1;B1MS1H;B1MS1H;B1MS1H: ax;Steering-Winkel (horizontal);3;ja;nein;ja;nein;$00001001;ja;nein;5;3;rad;mrad;1000;0;DCU-P;;99;3;ja;20133;20132;;0;0.1;nein;20131
20132;ax_Min_B1MS1;B1MS1H;B1MS1H;B1MS1H: ax_min;Minimaler Steeringwinkel;3;nein;ja;ja;nein;$00000000;nein;nein;5;0;rad;mrad;1000;-50;DCU-P;;0;3;nein;;;;0;0;nein;
20133;ax_Max_B1MS1;B1MS1H;B1MS1H;B1MS1H: ax_max;Maximaler Steeringwinkel;3;nein;ja;ja;nein;$00000000;nein;nein;5;0;rad;mrad;1000;50;DCU-P;;0;3;nein;;;;0;0;nein;
;ay_B1MS2;B1MS2V;B1MS2V;B1MS2V: ay;Steering-Winkel (vertikal);3;ja;nein;ja;nein;$00001001;ja;nein;5;3;rad;mrad;1000;0;DCU-P;;99;3;ja;20143;20142;;0;0.1;nein;20141
20142;ay_Min_B1MS2;B1MS2V;B1MS2V;B1MS2V: ay_min;Minimaler Steeringwinkel;3;nein;ja;ja;nein;$00000000;nein;nein;5;0;rad;mrad;1000;-50;DCU-P;;0;3;nein;;;;0;0;nein;
20143;ay_Max_B1MS2;B1MS2V;B1MS2V;B1MS2V: ay_max;Maximaler Steeringwinkel;3;nein;ja;ja;nein;$00000000;nein;nein;5;0;rad;mrad;1000;50;DCU-P;;0;3;nein;;;;0;0;nein;
;kL_B1QD21;B1QD21;B1QD21;B1QD21: kL;k*L (integraler normierter Feldgradient);3;ja;nein;ja;nein;$00001101;ja;nein;5;4;1/m;1/m;1;-0.7089;DCU-P;;99;3;ja;20153;20152;;525;0.05;nein;20151
20152;kL_Min_B1QD21;B1QD21;B1QD21;B1QD21: kL_min;dyn. minimales k*L;3;nein;ja;ja;nein;$00000000;nein;nein;5;3;1/m;1/m;1;-2;DCU-P;;0;3;nein;;;;0;0;nein;
20153;kL_Max_B1QD21;B1QD21;B1QD21;B1QD21: kL_max;dyn, maximales k*L;3;nein;ja;ja;nein;$00000000;nein;nein;5;3;1/m;1/m;1;0;DCU-P;;0;3;nein;;;;0;0;nein;
;kL_B1QD22;B1QD22;B1QD22;B1QD22: kL;k*L (integraler normierter Feldgradient);3;ja;nein;ja;nein;$00001101;ja;nein;5;4;1/m;1/m;1;0.6487;DCU-P;;99;3;ja;20163;20162;;525;0.05;nein;20161
20162;kL_Min_B1QD22;B1QD22;B1QD22;B1QD22: kL_min;dyn. minimales k*L;3;nein;ja;ja;nein;$00000000;nein;nein;5;3;1/m;1/m;1;0;DCU-P;;0;3;nein;;;;0;0;nein;
20163;kL_Max_B1QD22;B1QD22;B1QD22;B1QD22: kL_max;dyn, maximales k*L;3;nein;ja;ja;nein;$00000000;nein;nein;5;3;1/m;1/m;1;2;DCU-P;;0;3;nein;;;;0;0;nein;
;ay_B1MW1;B1MW1V;B1MW1V;B1MW1V: ay;Steering-Winkel (vertikal);3;ja;nein;ja;nein;$00000000;ja;nein;5;2;rad;mrad;1000;2;DCU-P;;99;3;ja;20173;20172;;0;0.1;nein;20171
20172;ay_Min_B1MW1;B1MW1V;B1MW1V;B1MW1V: ay_min;Minimaler Steeringwinkel;3;nein;ja;ja;nein;$00000000;nein;nein;5;0;rad;mrad;1000;-10;DCU-P;;0;3;nein;;;;0;0;nein;
20173;ay_Max_B1MW1;B1MW1V;B1MW1V;B1MW1V: ay_max;Maximaler Steeringwinkel;3;nein;ja;ja;nein;$00000000;nein;nein;5;0;rad;mrad;1000;10;DCU-P;;0;3;nein;;;;0;0;nein;
;ax_B1MW2;B1MW2H;B1MW2H;B1MW2H: ax;Steering-Winkel (horizontal);3;ja;nein;ja;nein;$00000000;ja;nein;5;2;rad;mrad;1000;-2;DCU-P;;99;3;ja;20183;20182;;0;0.1;nein;20181
20182;ax_Min_B1MW2;B1MW2H;B1MW2H;B1MW2H: ax_min;Minimaler Steeringwinkel;3;nein;ja;ja;nein;$00000000;nein;nein;5;0;rad;mrad;1000;-10;DCU-P;;0;3;nein;;;;0;0;nein;
20183;ax_Max_B1MW2;B1MW2H;B1MW2H;B1MW2H: ax_max;Maximaler Steeringwinkel;3;nein;ja;ja;nein;$00000000;nein;nein;5;0;rad;mrad;1000;10;DCU-P;;0;3;nein;;;;0;0;nein;
;kL_H2QT11;H2QT11;H2QT11;H2QT11: kL;k*L (integraler normierter Feldgradient);3;ja;nein;ja;nein;$00000400;ja;nein;5;3;1/m;1/m;1;-0.4247;DCU-P;;99;3;ja;20203;20202;;530;0.05;nein;20201
20202;kL_Min_H2QT11;H2QT11;H2QT11;H2QT11: kL_min;dyn. minimales k*L;3;nein;ja;ja;nein;$00000000;nein;nein;5;3;1/m;1/m;1;-2;DCU-P;;0;3;nein;;;;0;0;nein;
20203;kL_Max_H2QT11;H2QT11;H2QT11;H2QT11: kL_max;dyn, maximales k*L;3;nein;ja;ja;nein;$00000000;nein;nein;5;3;1/m;1/m;1;0;DCU-P;;0;3;nein;;;;0;0;nein;
;kL_H2QT12;H2QT12;H2QT12;H2QT12: kL;k*L (integraler normierter Feldgradient);3;ja;nein;ja;nein;$00000400;ja;nein;5;3;1/m;1/m;1;0.6308;DCU-P;;99;3;ja;20213;20212;;530;0.05;nein;20211
20212;kL_Min_H2QT12;H2QT12;H2QT12;H2QT12: kL_min;dyn. minimales k*L;3;nein;ja;ja;nein;$00000000;nein;nein;5;3;1/m;1/m;1;0;DCU-P;;0;3;nein;;;;0;0;nein;
20213;kL_Max_H2QT12;H2QT12;H2QT12;H2QT12: kL_max;dyn, maximales k*L;3;nein;ja;ja;nein;$00000000;nein;nein;5;3;1/m;1/m;1;4;DCU-P;;0;3;nein;;;;0;0;nein;
;kL_H2QT13;H2QT13;H2QT13;H2QT13: kL;k*L (integraler normierter Feldgradient);3;ja;nein;ja;nein;$00000400;ja;nein;5;3;1/m;1/m;1;-0.2335;DCU-P;;99;3;ja;20223;20222;;530;0.05;nein;20221
20222;kL_Min_H2QT13;H2QT13;H2QT13;H2QT13: kL_min;dyn. minimales k*L;3;nein;ja;ja;nein;$00000000;nein;nein;5;3;1/m;1/m;1;-2;DCU-P;;0;3;nein;;;;0;0;nein;
20223;kL_Max_H2QT13;H2QT13;H2QT13;H2QT13: kL_max;dyn, maximales k*L;3;nein;ja;ja;nein;$00000000;nein;nein;5;3;1/m;1/m;1;0;DCU-P;;0;3;nein;;;;0;0;nein;
;ay_H2MS1;H2MS1V;H2MS1V;H2MS1V: ay;Steering-Winkel (vertikal);3;ja;nein;ja;nein;$00001401;ja;nein;5;3;rad;mrad;1000;-2;DCU-P;;99;3;ja;20233;20232;;0;0.1;nein;20231
20232;ay_Min_H2MS1;H2MS1V;H2MS1V;H2MS1V: ay_min;Minimaler Steeringwinkel;3;nein;ja;ja;nein;$00000000;nein;nein;5;0;rad;mrad;1000;-10;DCU-P;;0;3;nein;;;;0;0;nein;
20233;ay_Max_H2MS1;H2MS1V;H2MS1V;H2MS1V: ay_max;Maximaler Steeringwinkel;3;nein;ja;ja;nein;$00000000;nein;nein;5;0;rad;mrad;1000;10;DCU-P;;0;3;nein;;;;0;0;nein;
;dax_B2MU1;B2MU1;B2MU1;B2MU1: dax;Korrekturwinkel;3;ja;nein;ja;nein;$00001001;;nein;5;2;rad;mrad;1000;0;DCU-P;;99;3;ja;;;;0;0.1;nein;20241
;axgeo_B2MU1;B2MU1;B2MU1;B2MU1: axgeo;Geometrischer Umlenkwinkel;3;ja;nein;ja;nein;$00000000;;nein;5;2;rad;grad;57.2957795;45;DCU-P;;99;3;ja;;;;0;0.01;ja;20241
;ax_B2MU1;B2MU1;B2MU1;B2MU1: ax;Totaler Umlenkwinkel;3;nein;ja;ja;nein;$00000000;;nein;5;2;rad;mrad;1000;2580;DCU-P;;99;3;ja;20243;20242;;0;0.01;ja;
20242;ax_min_B2MU1;B2MU1;B2MU1;B2MU1: ax_min;Minimaler Umlenkwinkel;3;nein;ja;ja;nein;$00000000;;nein;5;0;rad;mrad;1000;0;DCU-P;;0;3;nein;;;;0;0;nein;
20243;ax_max_B2MU1;B2MU1;B2MU1;B2MU1: ax_max;Maximaler Umlenkwinkel;3;nein;ja;ja;nein;$00000000;;nein;5;0;rad;mrad;1000;3000;DCU-P;;0;3;nein;;;;0;0;nein;
;kL_B2QD11;B2QD11;B2QD11;B2QD11: kL;k*L (integraler normierter Feldgradient);3;ja;nein;ja;nein;$00000000;ja;nein;5;3;1/m;1/m;1;-0.6452;DCU-P;;99;3;ja;20253;20252;;535;0.05;nein;20251
20252;kL_Min_B2QD11;B2QD11;B2QD11;B2QD11: kL_min;dyn. minimales k*L;3;nein;ja;ja;nein;$00000000;nein;nein;5;3;1/m;1/m;1;-2;DCU-P;;0;3;nein;;;;0;0;nein;
20253;kL_Max_B2QD11;B2QD11;B2QD11;B2QD11: kL_max;dyn, maximales k*L;3;nein;ja;ja;nein;$00000000;nein;nein;5;3;1/m;1/m;1;0;DCU-P;;0;3;nein;;;;0;0;nein;
;kL_B2QD12;B2QD12;B2QD12;B2QD12: kL;k*L (integraler normierter Feldgradient);3;ja;nein;ja;nein;$00000000;ja;nein;5;3;1/m;1/m;1;0.7208;DCU-P;;99;3;ja;20263;20262;;535;0.05;nein;20261
20262;kL_Min_B2QD12;B2QD12;B2QD12;B2QD12: kL_min;dyn. minimales k*L;3;nein;ja;ja;nein;$00000000;nein;nein;5;3;1/m;1/m;1;0;DCU-P;;0;3;nein;;;;0;0;nein;
20263;kL_Max_B2QD12;B2QD12;B2QD12;B2QD12: kL_max;dyn, maximales k*L;3;nein;ja;ja;nein;$00000000;nein;nein;5;3;1/m;1/m;1;2;DCU-P;;0;3;nein;;;;0;0;nein;
;dax_B2MU2;B2MU2;B2MU2;B2MU2: dax;Korrekturwinkel;3;ja;nein;ja;nein;$00001001;;nein;5;2;rad;mrad;1000;0;DCU-P;;99;3;ja;;;;0;0.1;nein;20271
;axgeo_B2MU2;B2MU2;B2MU2;B2MU2: axgeo;Geometrischer Umlenkwinkel;3;ja;nein;ja;nein;$00000000;;nein;5;2;rad;grad;57.2957795;45;DCU-P;;99;3;ja;;;;0;0.01;ja;20271
;ax_B2MU2;B2MU2;B2MU2;B2MU2: ax;Totaler Umlenkwinkel;3;nein;ja;ja;nein;$00000000;;nein;5;2;rad;mrad;1000;2580;DCU-P;;99;3;ja;20273;20272;;0;0.01;ja;
20272;ax_min_B2MU2;B2MU2;B2MU2;B2MU2: ax_min;Minimaler Umlenkwinkel;3;nein;ja;ja;nein;$00000000;;nein;5;0;rad;mrad;1000;0;DCU-P;;0;3;nein;;;;0;0;nein;
20273;ax_max_B2MU2;B2MU2;B2MU2;B2MU2: ax_max;Maximaler Umlenkwinkel;3;nein;ja;ja;nein;$00000000;;nein;5;0;rad;mrad;1000;3000;DCU-P;;0;3;nein;;;;0;0;nein;
;ax_B2MS1;B2MS1H;B2MS1H;B2MS1H: ax;Steering-Winkel (horizontal);3;ja;nein;ja;nein;$00001001;ja;nein;5;3;rad;mrad;1000;0;DCU-P;;99;3;ja;20283;20282;;0;0.1;nein;20281
20282;ax_Min_B2MS1;B2MS1H;B2MS1H;B2MS1H: ax_min;Minimaler Steeringwinkel;3;nein;ja;ja;nein;$00000000;nein;nein;5;0;rad;mrad;1000;-50;DCU-P;;0;3;nein;;;;0;0;nein;
20283;ax_Max_B2MS1;B2MS1H;B2MS1H;B2MS1H: ax_max;Maximaler Steeringwinkel;3;nein;ja;ja;nein;$00000000;nein;nein;5;0;rad;mrad;1000;50;DCU-P;;0;3;nein;;;;0;0;nein;
;ay_B2MS2;B2MS2V;B2MS2V;B2MS2V: ay;Steering-Winkel (vertikal);3;ja;nein;ja;nein;$00001001;ja;nein;5;3;rad;mrad;1000;0;DCU-P;;99;3;ja;20293;20292;;0;0.1;nein;20291
20292;ay_Min_B2MS2;B2MS2V;B2MS2V;B2MS2V: ay_min;Minimaler Steeringwinkel;3;nein;ja;ja;nein;$00000000;nein;nein;5;0;rad;mrad;1000;-10;DCU-P;;0;3;nein;;;;0;0;nein;
20293;ay_Max_B2MS2;B2MS2V;B2MS2V;B2MS2V: ay_max;Maximaler Steeringwinkel;3;nein;ja;ja;nein;$00000000;nein;nein;5;0;rad;mrad;1000;10;DCU-P;;0;3;nein;;;;0;0;nein;
;kL_B2QD21;B2QD21;B2QD21;B2QD21: kL;k*L (integraler normierter Feldgradient);3;ja;nein;ja;nein;$00001101;ja;nein;5;4;1/m;1/m;1;-0.5903;DCU-P;;99;3;ja;20303;20302;;540;0.05;nein;20301
20302;kL_Min_B2QD21;B2QD21;B2QD21;B2QD21: kL_min;dyn. minimales k*L;3;nein;ja;ja;nein;$00000000;nein;nein;5;3;1/m;1/m;1;-2;DCU-P;;0;3;nein;;;;0;0;nein;
20303;kL_Max_B2QD21;B2QD21;B2QD21;B2QD21: kL_max;dyn, maximales k*L;3;nein;ja;ja;nein;$00000000;nein;nein;5;3;1/m;1/m;1;0;DCU-P;;0;3;nein;;;;0;0;nein;
;kL_B2QD22;B2QD22;B2QD22;B2QD22: kL;k*L (integraler normierter Feldgradient);3;ja;nein;ja;nein;$00001101;ja;nein;5;4;1/m;1/m;1;0.6114;DCU-P;;99;3;ja;20313;20312;;540;0.05;nein;20311
20312;kL_Min_B2QD22;B2QD22;B2QD22;B2QD22: kL_min;dyn. minimales k*L;3;nein;ja;ja;nein;$00000000;nein;nein;5;3;1/m;1/m;1;0;DCU-P;;0;3;nein;;;;0;0;nein;
20313;kL_Max_B2QD22;B2QD22;B2QD22;B2QD22: kL_max;dyn, maximales k*L;3;nein;ja;ja;nein;$00000000;nein;nein;5;3;1/m;1/m;1;2;DCU-P;;0;3;nein;;;;0;0;nein;
;ay_B2MW1;B2MW1V;B2MW1V;B2MW1V: ay;Steering-Winkel (vertikal);3;ja;nein;ja;nein;$00000000;ja;nein;5;2;rad;mrad;1000;-3;DCU-P;;99;3;ja;20323;20322;;0;0.1;nein;20321
20322;ay_Min_B2MW1;B2MW1V;B2MW1V;B2MW1V: ay_min;Minimaler Steeringwinkel;3;nein;ja;ja;nein;$00000000;nein;nein;5;0;rad;mrad;1000;-10;DCU-P;;0;3;nein;;;;0;0;nein;
20323;ay_Max_B2MW1;B2MW1V;B2MW1V;B2MW1V: ay_max;Maximaler Steeringwinkel;3;nein;ja;ja;nein;$00000000;nein;nein;5;0;rad;mrad;1000;10;DCU-P;;0;3;nein;;;;0;0;nein;
;ax_B2MW2;B2MW2H;B2MW2H;B2MW2H: ax;Steering-Winkel (horizontal);3;ja;nein;ja;nein;$00000000;ja;nein;5;2;rad;mrad;1000;3;DCU-P;;99;3;ja;20333;20332;;0;0.1;nein;20331
20332;ax_Min_B2MW2;B2MW2H;B2MW2H;B2MW2H: ax_min;Minimaler Steeringwinkel;3;nein;ja;ja;nein;$00000000;nein;nein;5;0;rad;mrad;1000;-10;DCU-P;;0;3;nein;;;;0;0;nein;
20333;ax_Max_B2MW2;B2MW2H;B2MW2H;B2MW2H: ax_max;Maximaler Steeringwinkel;3;nein;ja;ja;nein;$00000000;nein;nein;5;0;rad;mrad;1000;10;DCU-P;;0;3;nein;;;;0;0;nein;
;ax_H3MS1;H3MS1H;H3MS1H;H3MS1H: ax;Steering-Winkel (horizontal);3;ja;nein;ja;nein;$00001401;ja;nein;5;3;rad;mrad;1000;2;DCU-P;;99;3;ja;20403;20402;;0;0.1;nein;20401
20402;ax_Min_H3MS1;H3MS1H;H3MS1H;H3MS1H: ax_min;Minimaler Steeringwinkel;3;nein;ja;ja;nein;$00000000;nein;nein;5;0;rad;mrad;1000;-50;DCU-P;;0;3;nein;;;;0;0;nein;
20403;ax_Max_H3MS1;H3MS1H;H3MS1H;H3MS1H: ax_max;Maximaler Steeringwinkel;3;nein;ja;ja;nein;$00000000;nein;nein;5;0;rad;mrad;1000;50;DCU-P;;0;3;nein;;;;0;0;nein;
;ay_H3MS2;H3MS2V;H3MS2V;H3MS2V: ay;Steering-Winkel (vertikal);3;ja;nein;ja;nein;$00001401;ja;nein;5;3;rad;mrad;1000;-2;DCU-P;;99;3;ja;20413;20412;;0;0.1;nein;20411
20412;ay_Min_H3MS2;H3MS2V;H3MS2V;H3MS2V: ay_min;Minimaler Steeringwinkel;3;nein;ja;ja;nein;$00000000;nein;nein;5;0;rad;mrad;1000;-10;DCU-P;;0;3;nein;;;;0;0;nein;
20413;ay_Max_H3MS2;H3MS2V;H3MS2V;H3MS2V: ay_max;Maximaler Steeringwinkel;3;nein;ja;ja;nein;$00000000;nein;nein;5;0;rad;mrad;1000;10;DCU-P;;0;3;nein;;;;0;0;nein;
;kL_H3QD11;H3QD11;H3QD11;H3QD11: kL;k*L (integraler normierter Feldgradient);3;ja;nein;ja;nein;$00000400;ja;nein;5;3;1/m;1/m;1;-1;DCU-P;;99;3;ja;20423;20422;;545;0.05;nein;20421
20422;kL_Min_H3QD11;H3QD11;H3QD11;H3QD11: kL_min;dyn. minimales k*L;3;nein;ja;ja;nein;$00000000;nein;nein;5;3;1/m;1/m;1;-4;DCU-P;;0;3;nein;;;;0;0;nein;
20423;kL_Max_H3QD11;H3QD11;H3QD11;H3QD11: kL_max;dyn, maximales k*L;3;nein;ja;ja;nein;$00000000;nein;nein;5;3;1/m;1/m;1;0;DCU-P;;0;3;nein;;;;0;0;nein;
;kL_H3QD12;H3QD12;H3QD12;H3QD12: kL;k*L (integraler normierter Feldgradient);3;ja;nein;ja;nein;$00000400;ja;nein;5;3;1/m;1/m;1;-1;DCU-P;;99;3;ja;20433;20432;;545;0.05;nein;20431
20432;kL_Min_H3QD12;H3QD12;H3QD12;H3QD12: kL_min;dyn. minimales k*L;3;nein;ja;ja;nein;$00000000;nein;nein;5;3;1/m;1/m;1;-4;DCU-P;;0;3;nein;;;;0;0;nein;
20433;kL_Max_H3QD12;H3QD12;H3QD12;H3QD12: kL_max;dyn, maximales k*L;3;nein;ja;ja;nein;$00000000;nein;nein;5;3;1/m;1/m;1;0;DCU-P;;0;3;nein;;;;0;0;nein;
;ax_H3MS3;H3MS3H;H3MS3H;H3MS3H: ax;Steering-Winkel (horizontal);3;ja;nein;ja;nein;$00001401;ja;nein;5;3;rad;mrad;1000;2;DCU-P;;99;3;ja;20443;20442;;0;0.1;nein;20441
20442;ax_Min_H3MS3;H3MS3H;H3MS3H;H3MS3H: ax_min;Minimaler Steeringwinkel;3;nein;ja;ja;nein;$00000000;nein;nein;5;0;rad;mrad;1000;-50;DCU-P;;0;3;nein;;;;0;0;nein;
20443;ax_Max_H3MS3;H3MS3H;H3MS3H;H3MS3H: ax_max;Maximaler Steeringwinkel;3;nein;ja;ja;nein;$00000000;nein;nein;5;0;rad;mrad;1000;50;DCU-P;;0;3;nein;;;;0;0;nein;
;ay_H3MS4;H3MS4V;H3MS4V;H3MS4V: ay;Steering-Winkel (vertikal);3;ja;nein;ja;nein;$00001401;ja;nein;5;3;rad;mrad;1000;-2;DCU-P;;99;3;ja;20453;20452;;0;0.1;nein;20451
20452;ay_Min_H3MS4;H3MS4V;H3MS4V;H3MS4V: ay_min;Minimaler Steeringwinkel;3;nein;ja;ja;nein;$00000000;nein;nein;5;0;rad;mrad;1000;-10;DCU-P;;0;3;nein;;;;0;0;nein;
20453;ay_Max_H3MS4;H3MS4V;H3MS4V;H3MS4V: ay_max;Maximaler Steeringwinkel;3;nein;ja;ja;nein;$00000000;nein;nein;5;0;rad;mrad;1000;10;DCU-P;;0;3;nein;;;;0;0;nein;
;kL_H3QD21;H3QD21;H3QD21;H3QD21: kL;k*L (integraler normierter Feldgradient);3;ja;nein;ja;nein;$00001401;ja;nein;5;3;1/m;1/m;1;-1;DCU-P;;99;3;ja;20463;20462;;550;0.05;nein;20461
20462;kL_Min_H3QD21;H3QD21;H3QD21;H3QD21: kL_min;dyn. minimales k*L;3;nein;ja;ja;nein;$00000000;nein;nein;5;3;1/m;1/m;1;-4;DCU-P;;0;3;nein;;;;0;0;nein;
20463;kL_Max_H3QD21;H3QD21;H3QD21;H3QD21: kL_max;dyn, maximales k*L;3;nein;ja;ja;nein;$00000000;nein;nein;5;3;1/m;1/m;1;0;DCU-P;;0;3;nein;;;;0;0;nein;
;kL_H3QD22;H3QD22;H3QD22;H3QD22: kL;k*L (integraler normierter Feldgradient);3;ja;nein;ja;nein;$00001401;ja;nein;5;3;1/m;1/m;1;-1;DCU-P;;99;3;ja;20473;20472;;550;0.05;nein;20471
20472;kL_Min_H3QD22;H3QD22;H3QD22;H3QD22: kL_min;dyn. minimales k*L;3;nein;ja;ja;nein;$00000000;nein;nein;5;3;1/m;1/m;1;-4;DCU-P;;0;3;nein;;;;0;0;nein;
20473;kL_Max_H3QD22;H3QD22;H3QD22;H3QD22: kL_max;dyn, maximales k*L;3;nein;ja;ja;nein;$00000000;nein;nein;5;3;1/m;1/m;1;0;DCU-P;;0;3;nein;;;;0;0;nein;
;dax_B3MU1;B3MU1;B3MU1;B3MU1: dax;Korrekturwinkel;3;ja;nein;ja;nein;$00001001;;nein;5;2;rad;mrad;1000;1;DCU-P;;99;3;ja;;;;0;0.1;nein;20501
;axgeo_B3MU1;B3MU1;B3MU1;B3MU1: axgeo;Geometrischer Umlenkwinkel;3;ja;nein;ja;nein;$00000000;;nein;5;2;rad;grad;57.2957795;45;DCU-P;;99;3;ja;;;;0;0.01;ja;20501
;ax_B3MU1;B3MU1;B3MU1;B3MU1: ax;Totaler Umlenkwinkel;3;nein;ja;ja;nein;$00000000;;nein;5;2;rad;mrad;1000;2580;DCU-P;;99;3;ja;20503;20502;;0;0.01;ja;
20502;ax_min_B3MU1;B3MU1;B3MU1;B3MU1: ax_min;Minimaler Umlenkwinkel;3;nein;ja;ja;nein;$00000000;;nein;5;0;rad;mrad;1000;0;DCU-P;;0;3;nein;;;;0;0;nein;
20503;ax_max_B3MU1;B3MU1;B3MU1;B3MU1: ax_max;Maximaler Umlenkwinkel;3;nein;ja;ja;nein;$00000000;;nein;5;0;rad;mrad;1000;3000;DCU-P;;0;3;nein;;;;0;0;nein;
;dax_B3MU2;B3MU2;B3MU2;B3MU2: dax;Korrekturwinkel;3;ja;nein;ja;nein;$00001001;;nein;5;2;rad;mrad;1000;-1;DCU-P;;99;3;ja;;;;0;0.1;nein;20511
;axgeo_B3MU2;B3MU2;B3MU2;B3MU2: axgeo;Geometrischer Umlenkwinkel;3;ja;nein;ja;nein;$00000000;;nein;5;2;rad;grad;57.2957795;45;DCU-P;;99;3;ja;;;;0;0.01;ja;20511
;ax_B3MU2;B3MU2;B3MU2;B3MU2: ax;Totaler Umlenkwinkel;3;nein;ja;ja;nein;$00000000;;nein;5;2;rad;mrad;1000;2580;DCU-P;;99;3;ja;20513;20512;;0;0.01;ja;
20512;ax_min_B3MU2;B3MU2;B3MU2;B3MU2: ax_min;Minimaler Umlenkwinkel;3;nein;ja;ja;nein;$00000000;;nein;5;0;rad;mrad;1000;0;DCU-P;;0;3;nein;;;;0;0;nein;
20513;ax_max_B3MU2;B3MU2;B3MU2;B3MU2: ax_max;Maximaler Umlenkwinkel;3;nein;ja;ja;nein;$00000000;;nein;5;0;rad;mrad;1000;3000;DCU-P;;0;3;nein;;;;0;0;nein;
;kL_B3QD11;B3QD11;B3QD11;B3QD11: kL;k*L (integraler normierter Feldgradient);3;ja;nein;ja;nein;$00001201;ja;nein;5;3;1/m;1/m;1;-1;DCU-P;;99;3;ja;20523;20522;;555;0.05;nein;20521
20522;kL_Min_B3QD11;B3QD11;B3QD11;B3QD11: kL_min;dyn. minimales k*L;3;nein;ja;ja;nein;$00000000;nein;nein;5;3;1/m;1/m;1;-2;DCU-P;;0;3;nein;;;;0;0;nein;
20523;kL_Max_B3QD11;B3QD11;B3QD11;B3QD11: kL_max;dyn, maximales k*L;3;nein;ja;ja;nein;$00000000;nein;nein;5;3;1/m;1/m;1;0;DCU-P;;0;3;nein;;;;0;0;nein;
;kL_B3QD12;B3QD12;B3QD12;B3QD12: kL;k*L (integraler normierter Feldgradient);3;ja;nein;ja;nein;$00001201;ja;nein;5;3;1/m;1/m;1;-1;DCU-P;;99;3;ja;20533;20532;;555;0.05;nein;20531
20532;kL_Min_B3QD12;B3QD12;B3QD12;B3QD12: kL_min;dyn. minimales k*L;3;nein;ja;ja;nein;$00000000;nein;nein;5;3;1/m;1/m;1;-2;DCU-P;;0;3;nein;;;;0;0;nein;
20533;kL_Max_B3QD12;B3QD12;B3QD12;B3QD12: kL_max;dyn, maximales k*L;3;nein;ja;ja;nein;$00000000;nein;nein;5;3;1/m;1/m;1;0;DCU-P;;0;3;nein;;;;0;0;nein;
;kL_B3QK2;B3QK2;B3QK2;B3QK2: kL;k*L (integraler normierter Feldgradient);3;ja;nein;ja;nein;$00000000;ja;nein;5;3;1/m;1/m;1;1;DCU-P;;99;3;ja;20543;20542;;0;0.05;nein;20541
20542;kL_Min_B3QK2;B3QK2;B3QK2;B3QK2: kL_min;dyn. minimales k*L;3;nein;ja;ja;nein;$00000000;nein;nein;5;3;1/m;1/m;1;0;DCU-P;;0;3;nein;;;;0;0;nein;
20543;kL_Max_B3QK2;B3QK2;B3QK2;B3QK2: kL_max;dyn, maximales k*L;3;nein;ja;ja;nein;$00000000;nein;nein;5;3;1/m;1/m;1;2;DCU-P;;0;3;nein;;;;0;0;nein;
;ax_B3MS1;B3MS1H;B3MS1H;B3MS1H: ax;Steering-Winkel (horizontal);3;ja;nein;ja;nein;$00001201;ja;nein;5;3;rad;mrad;1000;2.5;DCU-P;;99;3;ja;20553;20552;;0;0.1;nein;20551
20552;ax_Min_B3MS1;B3MS1H;B3MS1H;B3MS1H: ax_min;Minimaler Steeringwinkel;3;nein;ja;ja;nein;$00000000;nein;nein;5;0;rad;mrad;1000;-50;DCU-P;;0;3;nein;;;;0;0;nein;
20553;ax_Max_B3MS1;B3MS1H;B3MS1H;B3MS1H: ax_max;Maximaler Steeringwinkel;3;nein;ja;ja;nein;$00000000;nein;nein;5;0;rad;mrad;1000;50;DCU-P;;0;3;nein;;;;0;0;nein;
;ay_B3MS2;B3MS2V;B3MS2V;B3MS2V: ay;Steering-Winkel (vertikal);3;ja;nein;ja;nein;$00001201;ja;nein;5;3;rad;mrad;1000;-2.5;DCU-P;;99;3;ja;20563;20562;;0;0.1;nein;20561
20562;ay_Min_B3MS2;B3MS2V;B3MS2V;B3MS2V: ay_min;Minimaler Steeringwinkel;3;nein;ja;ja;nein;$00000000;nein;nein;5;0;rad;mrad;1000;-10;DCU-P;;0;3;nein;;;;0;0;nein;
20563;ay_Max_B3MS2;B3MS2V;B3MS2V;B3MS2V: ay_max;Maximaler Steeringwinkel;3;nein;ja;ja;nein;$00000000;nein;nein;5;0;rad;mrad;1000;10;DCU-P;;0;3;nein;;;;0;0;nein;
;kL_G3QD11;G3QD11;G3QD11;G3QD11: kL;k*L (integraler normierter Feldgradient);3;ja;nein;ja;nein;$00000000;ja;nein;5;3;1/m;1/m;1;-1;DCU-P;;99;3;ja;20573;20572;;560;0.05;nein;20571
20572;kL_Min_G3QD11;G3QD11;G3QD11;G3QD11: kL_min;dyn. minimales k*L;3;nein;ja;ja;nein;$00000000;nein;nein;5;3;1/m;1/m;1;-2;DCU-P;;0;3;nein;;;;0;0;nein;
20573;kL_Max_G3QD11;G3QD11;G3QD11;G3QD11: kL_max;dyn, maximales k*L;3;nein;ja;ja;nein;$00000000;nein;nein;5;3;1/m;1/m;1;0;DCU-P;;0;3;nein;;;;0;0;nein;
;kL_G3QD12;G3QD12;G3QD12;G3QD12: kL;k*L (integraler normierter Feldgradient);3;ja;nein;ja;nein;$00000000;ja;nein;5;3;1/m;1/m;1;-1;DCU-P;;99;3;ja;20583;20582;;560;0.05;nein;20581
20582;kL_Min_G3QD12;G3QD12;G3QD12;G3QD12: kL_min;dyn. minimales k*L;3;nein;ja;ja;nein;$00000000;nein;nein;5;3;1/m;1/m;1;-2;DCU-P;;0;3;nein;;;;0;0;nein;
20583;kL_Max_G3QD12;G3QD12;G3QD12;G3QD12: kL_max;dyn, maximales k*L;3;nein;ja;ja;nein;$00000000;nein;nein;5;3;1/m;1/m;1;0;DCU-P;;0;3;nein;;;;0;0;nein;
;dax_G3MU1;G3MU1;G3MU1;G3MU1: dax;Korrekturwinkel;3;ja;nein;ja;nein;$00001201;;nein;5;2;rad;mrad;1000;1;DCU-P;;99;3;ja;;;;0;0.1;nein;20591
;axgeo_G3MU1;G3MU1;G3MU1;G3MU1: axgeo;Geometrischer Umlenkwinkel;3;ja;nein;ja;nein;$00000000;;nein;5;2;rad;grad;57.2957795;45;DCU-P;;99;3;ja;;;;0;0.01;ja;20591
;ax_G3MU1;G3MU1;G3MU1;G3MU1: ax;Totaler Umlenkwinkel;3;nein;ja;ja;nein;$00000000;;nein;5;2;rad;mrad;1000;2580;DCU-P;;99;3;ja;20593;20592;;0;0.01;ja;
20592;ax_min_G3MU1;G3MU1;G3MU1;G3MU1: ax_min;Minimaler Umlenkwinkel;3;nein;ja;ja;nein;$00000000;;nein;5;0;rad;mrad;1000;0;DCU-P;;0;3;nein;;;;0;0;nein;
20593;ax_max_G3MU1;G3MU1;G3MU1;G3MU1: ax_max;Maximaler Umlenkwinkel;3;nein;ja;ja;nein;$00000000;;nein;5;0;rad;mrad;1000;3000;DCU-P;;0;3;nein;;;;0;0;nein;
;kL_G3QD21;G3QD21;G3QD21;G3QD21: kL;k*L (integraler normierter Feldgradient);3;ja;nein;ja;nein;$00000000;ja;nein;5;3;1/m;1/m;1;-1;DCU-P;;99;3;ja;20603;20602;;0;0.05;nein;20601
20602;kL_Min_G3QD21;G3QD21;G3QD21;G3QD21: kL_min;dyn. minimales k*L;3;nein;ja;ja;nein;$00000000;nein;nein;5;3;1/m;1/m;1;-2;DCU-P;;0;3;nein;;;;0;0;nein;
20603;kL_Max_G3QD21;G3QD21;G3QD21;G3QD21: kL_max;dyn, maximales k*L;3;nein;ja;ja;nein;$00000000;nein;nein;5;3;1/m;1/m;1;0;DCU-P;;0;3;nein;;;;0;0;nein;
;ay_G3MS1;G3MS1V;G3MS1V;G3MS1V: ay;Steering-Winkel (horizontal);3;ja;nein;ja;nein;$00001201;ja;nein;5;3;rad;mrad;1000;0;DCU-P;;99;3;ja;20613;20612;;0;0.1;nein;20611
20612;ay_Min_G3MS1;G3MS1V;G3MS1V;G3MS1V: ay_min;Minimaler Steeringwinkel;3;nein;ja;ja;nein;$00000000;nein;nein;5;0;rad;mrad;1000;-50;DCU-P;;0;3;nein;;;;0;0;nein;
20613;ay_Max_G3MS1;G3MS1V;G3MS1V;G3MS1V: ay_max;Maximaler Steeringwinkel;3;nein;ja;ja;nein;$00000000;nein;nein;5;0;rad;mrad;1000;50;DCU-P;;0;3;nein;;;;0;0;nein;
;kL_G3QD22;G3QD22;G3QD22;G3QD22: kL;k*L (integraler normierter Feldgradient);3;ja;nein;ja;nein;$00000000;ja;nein;5;3;1/m;1/m;1;-1;DCU-P;;99;3;ja;20623;20622;;0;0.05;nein;20621
20622;kL_Min_G3QD22;G3QD22;G3QD22;G3QD22: kL_min;dyn. minimales k*L;3;nein;ja;ja;nein;$00000000;nein;nein;5;3;1/m;1/m;1;-2;DCU-P;;0;3;nein;;;;0;0;nein;
20623;kL_Max_G3QD22;G3QD22;G3QD22;G3QD22: kL_max;dyn, maximales k*L;3;nein;ja;ja;nein;$00000000;nein;nein;5;3;1/m;1/m;1;0;DCU-P;;0;3;nein;;;;0;0;nein;
;kL_G3QD31;G3QD31;G3QD31;G3QD31: kL;k*L (integraler normierter Feldgradient);3;ja;nein;ja;nein;$00000000;ja;nein;5;3;1/m;1/m;1;-1;DCU-P;;99;3;ja;20633;20632;;0;0.05;nein;20631
20632;kL_Min_G3QD31;G3QD31;G3QD31;G3QD31: kL_min;dyn. minimales k*L;3;nein;ja;ja;nein;$00000000;nein;nein;5;3;1/m;1/m;1;-2;DCU-P;;0;3;nein;;;;0;0;nein;
20633;kL_Max_G3QD31;G3QD31;G3QD31;G3QD31: kL_max;dyn, maximales k*L;3;nein;ja;ja;nein;$00000000;nein;nein;5;3;1/m;1/m;1;0;DCU-P;;0;3;nein;;;;0;0;nein;
;ax_G3MS2;G3MS2H;G3MS2H;G3MS2H: ax;Steering-Winkel (vertikal);3;ja;nein;ja;nein;$00000000;ja;nein;5;3;rad;mrad;1000;0;DCU-P;;99;3;ja;20643;20642;;0;0.1;nein;20641
20642;ax_Min_G3MS2;G3MS2H;G3MS2H;G3MS2H: ax_min;Minimaler Steeringwinkel;3;nein;ja;ja;nein;$00000000;nein;nein;5;0;rad;mrad;1000;-10;DCU-P;;0;3;nein;;;;0;0;nein;
20643;ax_Max_G3MS2;G3MS2H;G3MS2H;G3MS2H: ax_max;Maximaler Steeringwinkel;3;nein;ja;ja;nein;$00000000;nein;nein;5;0;rad;mrad;1000;10;DCU-P;;0;3;nein;;;;0;0;nein;
;kL_G3QD32;G3QD32;G3QD32;G3QD32: kL;k*L (integraler normierter Feldgradient);3;ja;nein;ja;nein;$00000000;ja;nein;5;3;1/m;1/m;1;-1;DCU-P;;99;3;ja;20653;20652;;0;0.05;nein;20651
20652;kL_Min_G3QD32;G3QD32;G3QD32;G3QD32: kL_min;dyn. minimales k*L;3;nein;ja;ja;nein;$00000000;nein;nein;5;3;1/m;1/m;1;-2;DCU-P;;0;3;nein;;;;0;0;nein;
20653;kL_Max_G3QD32;G3QD32;G3QD32;G3QD32: kL_max;dyn, maximales k*L;3;nein;ja;ja;nein;$00000000;nein;nein;5;3;1/m;1/m;1;0;DCU-P;;0;3;nein;;;;0;0;nein;
;dax_G3MU2;G3MU2;G3MU2;G3MU2: dax;Korrekturwinkel;3;ja;nein;ja;nein;$00001201;;nein;5;2;rad;mrad;1000;1;DCU-P;;99;3;ja;;;;0;0.1;nein;20661
;axgeo_G3MU2;G3MU2;G3MU2;G3MU2: axgeo;Geometrischer Umlenkwinkel;3;ja;nein;ja;nein;$00000000;;nein;5;2;rad;grad;57.2957795;45;DCU-P;;99;3;ja;;;;0;0.01;ja;20661
;ax_G3MU2;G3MU2;G3MU2;G3MU2: ax;Totaler Umlenkwinkel;3;nein;ja;ja;nein;$00000000;;nein;5;2;rad;mrad;1000;2580;DCU-P;;99;3;ja;20663;20662;;0;0.01;ja;
20662;ax_min_G3MU2;G3MU2;G3MU2;G3MU2: ax_min;Minimaler Umlenkwinkel;3;nein;ja;ja;nein;$00000000;;nein;5;0;rad;mrad;1000;0;DCU-P;;0;3;nein;;;;0;0;nein;
20663;ax_max_G3MU2;G3MU2;G3MU2;G3MU2: ax_max;Maximaler Umlenkwinkel;3;nein;ja;ja;nein;$00000000;;nein;5;0;rad;mrad;1000;3000;DCU-P;;0;3;nein;;;;0;0;nein;
;kL_EFG_G3QD41;G3QD41;G3QD41;G3QD41: kL_EFG;Gesamtwert für k*L ExFxG;;ja;nein;ja;nein;$00001321;ja;nein;5;5;1/m;1/m;1;-1;DCU-P;;99;3;ja;;;;583;0.01;nein;20671
;kL_G3QD41;G3QD41;G3QD41;G3QD41: kL;k*L (integraler normierter Feldgradient);3;ja;nein;ja;nein;$00001101;ja;nein;5;4;1/m;1/m;1;-1;DCU-P;;99;3;ja;;;;580;0.05;nein;20671
20672;kL_Min_G3QD41;G3QD41;G3QD41;G3QD41: kL_min;dyn. minimales k*L;3;nein;ja;ja;nein;$00000000;nein;nein;5;3;1/m;1/m;1;-2;DCU-P;;0;3;nein;;;;0;0;nein;
20673;kL_Max_G3QD41;G3QD41;G3QD41;G3QD41: kL_max;dyn, maximales k*L;3;nein;ja;ja;nein;$00000000;nein;nein;5;3;1/m;1/m;1;0;DCU-P;;0;3;nein;;;;0;0;nein;
;kL_Total_G3QD41;G3QD41;G3QD41;G3QD41: kL_Total;Gesamtwert für k*L;3;nein;ja;ja;nein;$00001320;ja;nein;5;5;1/m;1/m;1;-1;DCU-P;;99;3;ja;;;;;;nein;20671
;kL_EFG_G3QD42;G3QD42;G3QD42;G3QD42: kL_EFG;Gesamtwert für k*L ExFxG;;ja;nein;ja;nein;$00001321;ja;nein;5;5;1/m;1/m;1;1;DCU-P;;99;3;ja;;;;583;0.01;nein;20681
;kL_G3QD42;G3QD42;G3QD42;G3QD42: kL;k*L (integraler normierter Feldgradient);3;ja;nein;ja;nein;$00001101;ja;nein;5;4;1/m;1/m;1;-1;DCU-P;;99;3;ja;;;;580;0.05;nein;20681
20682;kL_Min_G3QD42;G3QD42;G3QD42;G3QD42: kL_min;dyn. minimales k*L;3;nein;ja;ja;nein;$00000000;nein;nein;5;3;1/m;1/m;1;-2;DCU-P;;0;3;nein;;;;0;0;nein;
20683;kL_Max_G3QD42;G3QD42;G3QD42;G3QD42: kL_max;dyn, maximales k*L;3;nein;ja;ja;nein;$00000000;nein;nein;5;3;1/m;1/m;1;0;DCU-P;;0;3;nein;;;;0;0;nein;
;kL_Total_G3QD42;G3QD42;G3QD42;G3QD42: kL_Total;Gesamtwert für k*L;3;nein;ja;ja;nein;$00001320;ja;nein;5;5;1/m;1/m;1;1;DCU-P;;99;3;ja;;;;;;nein;20681
;ay_G3MW1;G3MW1V;G3MW1V;G3MW1V: ay;Steering-Winkel (vertikal);3;ja;nein;ja;nein;$00000000;ja;nein;5;2;rad;mrad;1000;-3;DCU-P;;99;3;ja;20693;20692;;0;0.1;nein;20691
20692;ay_Min_G3MW1;G3MW1V;G3MW1V;G3MW1V: ay_min;Minimaler Steeringwinkel;3;nein;ja;ja;nein;$00000000;nein;nein;5;0;rad;mrad;1000;-10;DCU-P;;0;3;nein;;;;0;0;nein;
20693;ay_Max_G3MW1;G3MW1V;G3MW1V;G3MW1V: ay_max;Maximaler Steeringwinkel;3;nein;ja;ja;nein;$00000000;nein;nein;5;0;rad;mrad;1000;10;DCU-P;;0;3;nein;;;;0;0;nein;
;ax_G3MW2;G3MW2H;G3MW2H;G3MW2H: ax;Steering-Winkel (horizontal);3;ja;nein;ja;nein;$00000000;ja;nein;5;2;rad;mrad;1000;3;DCU-P;;99;3;ja;20703;20702;;0;0.1;nein;20701
20702;ax_Min_G3MW2;G3MW2H;G3MW2H;G3MW2H: ax_min;Minimaler Steeringwinkel;3;nein;ja;ja;nein;$00000000;nein;nein;5;0;rad;mrad;1000;-10;DCU-P;;0;3;nein;;;;0;0;nein;
20703;ax_Max_G3MW2;G3MW2H;G3MW2H;G3MW2H: ax_max;Maximaler Steeringwinkel;3;nein;ja;ja;nein;$00000000;nein;nein;5;0;rad;mrad;1000;10;DCU-P;;0;3;nein;;;;0;0;nein;
;dax_G3MU3;G3MU3;G3MU3;G3MU3: dax;Korrekturwinkel;3;ja;nein;ja;nein;$00001201;;nein;5;2;rad;mrad;1000;1;DCU-P;;99;3;ja;;;;0;0.1;nein;20711
;axgeo_G3MU3;G3MU3;G3MU3;G3MU3: axgeo;Geometrischer Umlenkwinkel;3;ja;nein;ja;nein;$00000000;;nein;5;2;rad;grad;57.2957795;90;DCU-P;;99;3;ja;;;;0;0.01;ja;20711
;ax_G3MU3;G3MU3;G3MU3;G3MU3: ax;Totaler Umlenkwinkel;3;nein;ja;ja;nein;$00000000;;nein;5;2;rad;mrad;1000;5130;DCU-P;;99;3;ja;20713;20712;;0;0.01;ja;
20712;ax_min_G3MU3;G3MU3;G3MU3;G3MU3: ax_min;Minimaler Umlenkwinkel;3;nein;ja;ja;nein;$00000000;;nein;5;0;rad;mrad;1000;0;DCU-P;;0;3;nein;;;;0;0;nein;
20713;ax_max_G3MU3;G3MU3;G3MU3;G3MU3: ax_max;Maximaler Umlenkwinkel;3;nein;ja;ja;nein;$00000000;;nein;5;0;rad;mrad;1000;5500;DCU-P;;0;3;nein;;;;0;0;nein;
;dax_B4MU1;B4MU1;B4MU1;B4MU1: dax;Korrekturwinkel;3;ja;nein;ja;nein;$00001001;;nein;5;2;rad;mrad;1000;1;DCU-P;;99;3;ja;;;;0;0.1;nein;20801
;axgeo_B4MU1;B4MU1;B4MU1;B4MU1: axgeo;Geometrischer Umlenkwinkel;3;ja;nein;ja;nein;$00000000;;nein;5;2;rad;grad;57.2957795;-15;DCU-P;;99;3;ja;;;;0;0.01;ja;20801
;ax_B4MU1;B4MU1;B4MU1;B4MU1: ax;Totaler Umlenkwinkel;3;nein;ja;ja;nein;$00000000;;nein;5;2;rad;mrad;1000;-860;DCU-P;;99;3;ja;20803;20802;;0;0.01;ja;
20802;ax_min_B4MU1;B4MU1;B4MU1;B4MU1: ax_min;Minimaler Umlenkwinkel;3;nein;ja;ja;nein;$00000000;;nein;5;0;rad;mrad;1000;-900;DCU-P;;0;3;nein;;;;0;0;nein;
20803;ax_max_B4MU1;B4MU1;B4MU1;B4MU1: ax_max;Maximaler Umlenkwinkel;3;nein;ja;ja;nein;$00000000;;nein;5;0;rad;mrad;1000;0;DCU-P;;0;3;nein;;;;0;0;nein;
;ay_B4MS1;B4MS1V;B4MS1V;B4MS1V: ay;Steering-Winkel (vertikal);3;ja;nein;ja;nein;$00001001;ja;nein;5;3;rad;mrad;1000;1;DCU-P;;99;3;ja;20813;20812;;0;0.1;nein;20811
20812;ay_Min_B4MS1;B4MS1V;B4MS1V;B4MS1V: ay_min;Minimaler Steeringwinkel;3;nein;ja;ja;nein;$00000000;nein;nein;5;0;rad;mrad;1000;-10;DCU-P;;0;3;nein;;;;0;0;nein;
20813;ay_Max_B4MS1;B4MS1V;B4MS1V;B4MS1V: ay_max;Maximaler Steeringwinkel;3;nein;ja;ja;nein;$00000000;nein;nein;5;0;rad;mrad;1000;10;DCU-P;;0;3;nein;;;;0;0;nein;
;kL_B4QD11;B4QD11;B4QD11;B4QD11: kL;k*L (integraler normierter Feldgradient);3;ja;nein;ja;nein;$00001101;ja;nein;5;4;1/m;1/m;1;-1;DCU-P;;99;3;ja;20823;20822;;590;0.05;nein;20821
20822;kL_Min_B4QD11;B4QD11;B4QD11;B4QD11: kL_min;dyn. minimales k*L;3;nein;ja;ja;nein;$00000000;nein;nein;5;3;1/m;1/m;1;-2;DCU-P;;0;3;nein;;;;0;0;nein;
20823;kL_Max_B4QD11;B4QD11;B4QD11;B4QD11: kL_max;dyn, maximales k*L;3;nein;ja;ja;nein;$00000000;nein;nein;5;3;1/m;1/m;1;0;DCU-P;;0;3;nein;;;;0;0;nein;
;kL_B4QD12;B4QD12;B4QD12;B4QD12: kL;k*L (integraler normierter Feldgradient);3;ja;nein;ja;nein;$00001101;ja;nein;5;4;1/m;1/m;1;-1;DCU-P;;99;3;ja;20833;20832;;590;0.05;nein;20831
20832;kL_Min_B4QD12;B4QD12;B4QD12;B4QD12: kL_min;dyn. minimales k*L;3;nein;ja;ja;nein;$00000000;nein;nein;5;3;1/m;1/m;1;-2;DCU-P;;0;3;nein;;;;0;0;nein;
20833;kL_Max_B4QD12;B4QD12;B4QD12;B4QD12: kL_max;dyn, maximales k*L;3;nein;ja;ja;nein;$00000000;nein;nein;5;3;1/m;1/m;1;0;DCU-P;;0;3;nein;;;;0;0;nein;
;dax_B4MU2;B4MU2;B4MU2;B4MU2: dax;Korrekturwinkel;3;ja;nein;ja;nein;$00001001;;nein;5;2;rad;mrad;1000;-2;DCU-P;;99;3;ja;;;;0;0.1;nein;20841
;axgeo_B4MU2;B4MU2;B4MU2;B4MU2: axgeo;Geometrischer Umlenkwinkel;3;ja;nein;ja;nein;$00000000;;nein;5;2;rad;grad;57.2957795;15;DCU-P;;99;3;ja;;;;0;0.01;ja;20841
;ax_B4MU2;B4MU2;B4MU2;B4MU2: ax;Totaler Umlenkwinkel;3;nein;ja;ja;nein;$00000000;;nein;5;2;rad;mrad;1000;860;DCU-P;;99;3;ja;20843;20842;;0;0.01;ja;
20842;ax_min_B4MU2;B4MU2;B4MU2;B4MU2: ax_min;Minimaler Umlenkwinkel;3;nein;ja;ja;nein;$00000000;;nein;5;0;rad;mrad;1000;0;DCU-P;;0;3;nein;;;;0;0;nein;
20843;ax_max_B4MU2;B4MU2;B4MU2;B4MU2: ax_max;Maximaler Umlenkwinkel;3;nein;ja;ja;nein;$00000000;;nein;5;0;rad;mrad;1000;900;DCU-P;;0;3;nein;;;;0;0;nein;
;ay_B4MW1;B4MW1V;B4MW1V;B4MW1V: ay;Steering-Winkel (vertikal);3;ja;nein;ja;nein;$00000000;ja;nein;5;2;rad;mrad;1000;1;DCU-P;;99;3;ja;20853;20852;;0;0.1;nein;20851
20852;ay_Min_B4MW1;B4MW1V;B4MW1V;B4MW1V: ay_min;Minimaler Steeringwinkel;3;nein;ja;ja;nein;$00000000;nein;nein;5;0;rad;mrad;1000;-10;DCU-P;;0;3;nein;;;;0;0;nein;
20853;ay_Max_B4MW1;B4MW1V;B4MW1V;B4MW1V: ay_max;Maximaler Steeringwinkel;3;nein;ja;ja;nein;$00000000;nein;nein;5;0;rad;mrad;1000;10;DCU-P;;0;3;nein;;;;0;0;nein;
;ax_B4MW2;B4MW2H;B4MW2H;B4MW2H: ax;Steering-Winkel (horizontal);3;ja;nein;ja;nein;$00000000;ja;nein;5;2;rad;mrad;1000;-1;DCU-P;;99;3;ja;20863;20862;;0;0.1;nein;20861
20862;ax_Min_B4MW2;B4MW2H;B4MW2H;B4MW2H: ax_min;Minimaler Steeringwinkel;3;nein;ja;ja;nein;$00000000;nein;nein;5;0;rad;mrad;1000;-10;DCU-P;;0;3;nein;;;;0;0;nein;
20863;ax_Max_B4MW2;B4MW2H;B4MW2H;B4MW2H: ax_max;Maximaler Steeringwinkel;3;nein;ja;ja;nein;$00000000;nein;nein;5;0;rad;mrad;1000;10;DCU-P;;0;3;nein;;;;0;0;nein;
